State,District,Abbv,,CD#,2018 Cook PVI Score,2018 Winner,Party,Dem Votes,GOP Votes,Other Votes,Total Votes,Dem_races,GOP_races,All_minus_Dem,All_minus_GOP,FMargin,Dem %,GOP %,Other %,Dem Margin,2016 Clinton Margin,Swing vs. 2016 Prez,2016 Total Votes Cast,Raw Votes vs. 2016 ,Final?
California,CA-6,CA,-,6,D+21,Doris Matsui,D,"201,939",0,0,"201,939",TRUE,FALSE,"-201,939","201,939","6,058",100.0%,0.0%,0.0%,100.0%,44.0%,N/A,"248,121",81.4%,x
California,CA-27,CA,-,27,D+16,Judy Chu,D,"202,636",0,0,"202,636",TRUE,FALSE,"-202,636","202,636","6,079",100.0%,0.0%,0.0%,100.0%,37.6%,N/A,"264,466",76.6%,x
California,CA-44,CA,-,44,D+35,Nanette Barragan,D,"143,322",0,0,"143,322",TRUE,FALSE,"-143,322","143,322","4,300",100.0%,0.0%,0.0%,100.0%,70.8%,N/A,"197,802",72.5%,x
Florida,FL-10,FL,-,10,D+11,Val Demings,D,0,0,0,0,FALSE,FALSE,0,0,0,100.0%,0.0%,0.0%,100.0%,26.9%,N/A,"315,611",0.0%,x
Florida,FL-14,FL,-,14,D+7,Kathy Castor,D,0,0,0,0,FALSE,FALSE,0,0,0,100.0%,0.0%,0.0%,100.0%,18.2%,N/A,"330,427",0.0%,x
Florida,FL-20,FL,-,20,D+31,Alcee Hastings,D,"202,659",0,165,"202,824",TRUE,FALSE,"-202,494","202,824","6,085",100.0%,0.0%,0.0%,100.0%,62.1%,N/A,"288,812",70.2%,x
Florida,FL-21,FL,-,21,D+9,Lois Frankel,D,0,0,0,0,FALSE,FALSE,0,0,0,100.0%,0.0%,0.0%,100.0%,19.5%,N/A,"351,663",0.0%,x
Florida,FL-24,FL,-,24,D+34,Frederica Wilson,D,0,0,0,0,FALSE,FALSE,0,0,0,100.0%,0.0%,0.0%,100.0%,67.2%,N/A,"266,851",0.0%,x
Georgia,GA-5,GA,-,5,D+34,John Lewis,D,"275,406",0,0,"275,406",TRUE,FALSE,"-275,406","275,406","8,262",100.0%,0.0%,0.0%,100.0%,73.1%,N/A,"305,755",90.1%,x
New York,NY-5,NY,-,5,D+37,Gregory Meeks,D,"160,500",0,0,"160,500",TRUE,FALSE,"-160,500","160,500","4,815",100.0%,0.0%,0.0%,100.0%,72.8%,N/A,"247,766",64.8%,x
New York,NY-16,NY,-,16,D+24,Eliot Engel,D,"182,044",0,0,"182,044",TRUE,FALSE,"-182,044","182,044","5,461",100.0%,0.0%,0.0%,100.0%,52.2%,N/A,"285,395",63.8%,x
Pennsylvania,PA-18,PA,-,18,D+13,Mike Doyle,D,"231,472",0,0,"231,472",TRUE,FALSE,"-231,472","231,472","6,944",100.0%,0.0%,0.0%,100.0%,26.8%,N/A,"361,913",64.0%,x
Washington,WA-9,WA,-,9,D+21,Adam Smith,D,"240,567",0,0,"240,567",TRUE,FALSE,"-240,567","240,567","7,217",100.0%,0.0%,0.0%,100.0%,47.1%,N/A,"291,632",82.5%,x
Wisconsin,WI-2,WI,-,2,D+18,Mark Pocan,D,"309,116",0,38,"309,154",TRUE,FALSE,"-309,078","309,154","9,275",100.0%,0.0%,0.0%,100.0%,36.3%,N/A,"418,192",73.9%,x
Massachusetts,MA-8,MA,-,8,D+10,Stephen Lynch,D,"259,159",0,"4,148","263,307",TRUE,FALSE,"-255,011","263,307","7,899",98.4%,0.0%,1.6%,98.4%,25.6%,N/A,"389,135",67.7%,x
Massachusetts,MA-7,MA,-,7,D+34,Ayanna Pressley,D,"216,559",0,"3,852","220,411",TRUE,FALSE,"-212,707","220,411","6,612",98.3%,0.0%,1.7%,98.3%,71.2%,N/A,"306,116",72.0%,x
Alabama,AL-7,AL,-,7,D+20,Terri Sewell,D,"185,010",0,"4,153","189,163",TRUE,FALSE,"-180,857","189,163","5,675",97.8%,0.0%,2.2%,97.8%,41.2%,N/A,"294,433",64.2%,x
Massachusetts,MA-4,MA,-,4,D+9,Joe Kennedy,D,"245,289",0,"5,727","251,016",TRUE,FALSE,"-239,562","251,016","7,530",97.7%,0.0%,2.3%,97.7%,23.7%,N/A,"388,652",64.6%,x
Massachusetts,MA-1,MA,-,1,D+12,Richard Neal,D,"211,790",0,"5,110","216,900",TRUE,FALSE,"-206,680","216,900","6,507",97.6%,0.0%,2.4%,97.6%,20.3%,N/A,"344,412",63.0%,x
New York,NY-15,NY,-,15,D+44,Jose E. Serrano,D,"124,469","5,205",0,"129,674",TRUE,FALSE,"-119,264","119,264","3,890",96.0%,4.0%,0.0%,92.0%,88.6%,3.4%,"191,894",67.6%,x
New York,NY-13,NY,-,13,D+43,Adriano Espaillat,D,"180,035","10,268",0,"190,303",TRUE,FALSE,"-169,767","169,767","5,709",94.6%,5.4%,0.0%,89.2%,86.4%,2.8%,"253,675",75.0%,x
New York,NY-8,NY,-,8,D+36,Hakeem Jeffries,D,"180,376",0,"11,028","191,404",TRUE,FALSE,"-169,348","191,404","5,742",94.2%,0.0%,5.8%,94.2%,70.8%,N/A,"256,102",74.7%,x
Pennsylvania,PA-3,PA,-,3,D+41,Dwight Evans,D,"287,610","20,387",0,"307,997",TRUE,FALSE,"-267,223","267,223","9,240",93.4%,6.6%,0.0%,86.8%,83.9%,2.9%,"373,594",82.4%,x
New York,NY-7,NY,-,7,D+38,Nydia Velazquez,D,"146,687",0,"10,410","157,097",TRUE,FALSE,"-136,277","157,097","4,713",93.4%,0.0%,6.6%,93.4%,76.1%,N/A,"205,733",76.4%,x
Virginia,VA-3,VA,-,3,D+16,Bobby Scott,D,"198,615",0,"19,107","217,722",TRUE,FALSE,"-179,508","217,722","6,532",91.2%,0.0%,8.8%,91.2%,31.5%,N/A,"325,478",66.9%,x
Texas,TX-30,TX,-,30,D+29,Eddie Bernice Johnson,D,"166,784",0,"16,390","183,174",TRUE,FALSE,"-150,394","183,174","5,495",91.1%,0.0%,8.9%,91.1%,60.8%,N/A,"220,711",83.0%,x
New York,NY-6,NY,-,6,D+16,Grace Meng,D,"111,646",0,"11,209","122,855",TRUE,FALSE,"-100,437","122,855","3,686",90.9%,0.0%,9.1%,90.9%,32.8%,N/A,"208,665",58.9%,x
New York,NY-9,NY,-,9,D+34,Yvette Clarke,D,"181,455","20,901",779,"203,135",TRUE,FALSE,"-159,775","161,333","6,094",89.3%,10.3%,0.4%,79.0%,68.6%,10.4%,"255,357",79.5%,x
California,CA-37,CA,-,37,D+37,Karen Bass,D,"210,555","25,823",0,"236,378",TRUE,FALSE,"-184,732","184,732","7,091",89.1%,10.9%,0.0%,78.2%,76.1%,2.1%,"276,134",85.6%,x
Texas,TX-9,TX,-,9,D+29,Al Green,D,"136,256",0,"16,745","153,001",TRUE,FALSE,"-119,511","153,001","4,590",89.1%,0.0%,10.9%,89.1%,61.2%,N/A,"191,513",79.9%,x
California,CA-13,CA,-,13,D+40,Barbara Lee,D,"260,580",0,"34,257","294,837",TRUE,FALSE,"-226,323","294,837","8,845",88.4%,0.0%,11.6%,88.4%,79.3%,N/A,"339,391",86.9%,x
New York,NY-17,NY,-,17,D+7,Nita Lowey,D,"170,168",0,"23,150","193,318",TRUE,FALSE,"-147,018","193,318","5,800",88.0%,0.0%,12.0%,88.0%,20.0%,N/A,"321,208",60.2%,x
Illinois,IL-7,IL,-,7,D+38,Danny Davis,D,"215,746","30,497",0,"246,243",TRUE,FALSE,"-185,249","185,249","7,387",87.6%,12.4%,0.0%,75.2%,77.3%,-2.1%,"313,933",78.4%,x
New Jersey,NJ-10,NJ,-,10,D+36,Donald Payne Jr.,D,"175,253","20,191","4,715","200,159",TRUE,FALSE,"-150,347","159,777","6,005",87.6%,10.1%,2.4%,77.5%,72.4%,5.1%,"274,361",73.0%,x
California,CA-12,CA,-,12,D+37,Nancy Pelosi,D,"275,292","41,780",0,"317,072",TRUE,FALSE,"-233,512","233,512","9,512",86.8%,13.2%,0.0%,73.6%,76.6%,-3.0%,"362,965",87.4%,x
Illinois,IL-4,IL,-,4,D+33,Chuy Garcia,D,"143,895","22,294",0,"166,189",TRUE,FALSE,"-121,601","121,601","4,986",86.6%,13.4%,0.0%,73.2%,68.3%,4.9%,"211,143",78.7%,x
New York,NY-12,NY,-,12,D+31,Carolyn Maloney,D,"217,430","30,446","3,726","251,602",TRUE,FALSE,"-183,258","190,710","7,548",86.4%,12.1%,1.5%,74.3%,69.0%,5.3%,"310,302",81.1%,x
Arizona,AZ-7,AZ,-,7,D+23,Ruben Gallego,D,"113,044",301,"18,706","132,051",TRUE,FALSE,"-94,037","131,449","3,962",85.6%,0.2%,14.2%,85.4%,48.3%,N/A,"167,183",79.0%,x
Texas,TX-28,TX,-,28,D+9,Henry Cuellar,D,"117,494",0,"21,732","139,226",TRUE,FALSE,"-95,762","139,226","4,177",84.4%,0.0%,15.6%,84.4%,19.7%,N/A,"190,247",73.2%,x
Michigan,MI-13,MI,-,13,D+32,Rashida Tlaib,D,"165,355",0,"30,944","196,299",TRUE,FALSE,"-134,411","196,299","5,889",84.2%,0.0%,15.8%,84.2%,60.6%,N/A,"265,457",73.9%,x
Washington,WA-7,WA,-,7,D+33,Pramila Jayapal,D,"329,800","64,881",0,"394,681",TRUE,FALSE,"-264,919","264,919","11,840",83.6%,16.4%,0.0%,67.1%,69.8%,-2.7%,"415,979",94.9%,x
Ohio,OH-11,OH,-,11,D+32,Marcia Fudge,D,"206,138","44,486",36,"250,660",TRUE,FALSE,"-161,616","161,688","7,520",82.2%,17.7%,0.0%,64.5%,63.5%,1.0%,"323,308",77.5%,x
New York,NY-10,NY,-,10,D+26,Jerrold Nadler,D,"173,095","37,619",0,"210,714",TRUE,FALSE,"-135,476","135,476","6,321",82.1%,17.9%,0.0%,64.3%,58.9%,5.4%,"264,801",79.6%,x
California,CA-20,CA,-,20,D+23,Jimmy Panetta,D,"183,677",0,"42,044","225,721",TRUE,FALSE,"-141,633","225,721","6,772",81.4%,0.0%,18.6%,81.4%,46.8%,N/A,"258,177",87.4%,x
Illinois,IL-2,IL,-,2,D+29,Robin Kelly,D,"190,684","44,567",0,"235,251",TRUE,FALSE,"-146,117","146,117","7,058",81.1%,18.9%,0.0%,62.1%,58.6%,3.5%,"305,228",77.1%,x
Michigan,MI-14,MI,-,14,D+30,Brenda Lawrence,D,"214,334","45,899","4,761","264,994",TRUE,FALSE,"-163,674","173,196","7,950",80.9%,17.3%,1.8%,63.6%,60.9%,2.7%,"318,900",83.1%,x
Texas,TX-20,TX,-,20,D+10,Joaquin Castro,D,"139,038",0,"32,925","171,963",TRUE,FALSE,"-106,113","171,963","5,159",80.9%,0.0%,19.1%,80.9%,26.4%,N/A,"219,982",78.2%,x
California,CA-29,CA,-,29,D+29,Tony Cardenas,D,"124,697","29,995",0,"154,692",TRUE,FALSE,"-94,702","94,702","4,641",80.6%,19.4%,0.0%,61.2%,60.9%,0.3%,"196,196",78.8%,x
Louisiana,LA-2,LA,-,2,D+25,Cedric Richmond,D,"190,182",0,"45,800","235,982",TRUE,FALSE,"-144,382","235,982","7,079",80.6%,0.0%,19.4%,80.6%,52.7%,N/A,"329,648",71.6%,x
Missouri,MO-1,MO,-,1,D+29,Lacy Clay,D,"219,781","45,867","8,727","274,375",TRUE,FALSE,"-165,187","182,641","8,231",80.1%,16.7%,3.2%,63.4%,58.0%,5.4%,"320,522",85.6%,x
Tennessee,TN-9,TN,-,9,D+28,Steve Cohen,D,"145,139","34,901","1,436","181,476",TRUE,FALSE,"-108,802","111,674","5,444",80.0%,19.2%,0.8%,60.7%,57.3%,3.4%,"224,115",81.0%,x
California,CA-14,CA,-,14,D+27,Jackie Speier,D,"211,384","55,439",0,"266,823",TRUE,FALSE,"-155,945","155,945","8,005",79.2%,20.8%,0.0%,58.4%,58.6%,-0.2%,"298,322",89.4%,x
Pennsylvania,PA-2,PA,-,2,D+25,Brendan Boyle,D,"159,600","42,382",0,"201,982",TRUE,FALSE,"-117,218","117,218","6,059",79.0%,21.0%,0.0%,58.0%,48.0%,10.0%,"283,972",71.1%,x
California,CA-5,CA,-,5,D+21,Mike Thompson,D,"205,860",0,"55,158","261,018",TRUE,FALSE,"-150,702","261,018","7,831",78.9%,0.0%,21.1%,78.9%,44.6%,N/A,"306,625",85.1%,x
Georgia,GA-4,GA,-,4,D+24,Hank Johnson,D,"227,717","61,092",0,"288,809",TRUE,FALSE,"-166,625","166,625","8,664",78.8%,21.2%,0.0%,57.7%,53.1%,4.6%,"298,663",96.7%,x
California,CA-28,CA,-,28,D+23,Adam Schiff,D,"196,662","54,272",0,"250,934",TRUE,FALSE,"-142,390","142,390","7,528",78.4%,21.6%,0.0%,56.7%,49.8%,6.9%,"289,254",86.8%,x
New York,NY-14,NY,-,14,D+29,Alexandria Ocasio-Cortez,D,"110,318","19,202","11,604","141,124",TRUE,FALSE,"-79,512","102,720","4,234",78.2%,13.6%,8.2%,64.6%,57.6%,7.0%,"195,883",72.0%,x
New Jersey,NJ-8,NJ,-,8,D+27,Albio Sires,D,"119,881","28,725","4,849","153,455",TRUE,FALSE,"-86,307","96,005","4,604",78.1%,18.7%,3.2%,59.4%,54.2%,5.2%,"229,953",66.7%,x
Maryland,MD-4,MD,-,4,D+28,Anthony Brown,D,"209,642","53,327","5,614","268,583",TRUE,FALSE,"-150,701","161,929","8,057",78.1%,19.9%,2.1%,58.2%,57.1%,1.1%,"325,668",82.5%,x
Minnesota,MN-5,MN,-,5,D+26,Ilhan Omar,D,"267,703","74,440","1,215","343,358",TRUE,FALSE,"-192,048","194,478","10,301",78.0%,21.7%,0.4%,56.3%,54.7%,1.6%,"374,560",91.7%,x
California,CA-43,CA,-,43,D+29,Maxine Waters,D,"152,272","43,780",0,"196,052",TRUE,FALSE,"-108,492","108,492","5,882",77.7%,22.3%,0.0%,55.3%,61.7%,-6.4%,"234,060",83.8%,x
Hawaii,HI-2,HI,-,2,D+19,Tulsi Gabbard,D,"153,271","44,850",0,"198,121",TRUE,FALSE,"-108,421","108,421","5,944",77.4%,22.6%,0.0%,54.7%,31.8%,22.9%,"219,637",90.2%,x
California,CA-40,CA,-,40,D+33,Lucille Roybal-Allard,D,"93,938",0,"27,511","121,449",TRUE,FALSE,"-66,427","121,449","3,643",77.3%,0.0%,22.7%,77.3%,69.5%,N/A,"164,714",73.7%,x
California,CA-2,CA,-,2,D+22,Jared Huffman,D,"243,081","72,576",0,"315,657",TRUE,FALSE,"-170,505","170,505","9,470",77.0%,23.0%,0.0%,54.0%,45.2%,8.8%,"348,791",90.5%,x
Illinois,IL-5,IL,-,5,D+20,Mike Quigley,D,"213,992","65,134",5,"279,131",TRUE,FALSE,"-148,853","148,863","8,374",76.7%,23.3%,0.0%,53.3%,46.0%,7.3%,"331,056",84.3%,x
Maryland,MD-7,MD,-,7,D+26,Elijah Cummings,D,"202,345","56,266","6,099","264,710",TRUE,FALSE,"-139,980","152,178","7,941",76.4%,21.3%,2.3%,55.2%,52.5%,2.7%,"323,954",81.7%,x
Texas,TX-33,TX,-,33,D+23,Marc Veasey,D,"90,805","26,120","2,299","119,224",TRUE,FALSE,"-62,386","66,984","3,577",76.2%,21.9%,1.9%,54.3%,49.1%,5.2%,"129,867",91.8%,x
Georgia,GA-13,GA,-,13,D+20,David Scott,D,"223,157","69,760",93,"293,010",TRUE,FALSE,"-153,304","153,490","8,790",76.2%,23.8%,0.0%,52.4%,44.5%,7.9%,"301,531",97.2%,x
Virginia,VA-8,VA,-,8,D+21,Don Beyer,D,"247,137","76,899",712,"324,748",TRUE,FALSE,"-169,526","170,950","9,742",76.1%,23.7%,0.2%,52.4%,51.8%,0.6%,"373,446",87.0%,x
Massachusetts,MA-5,MA,-,5,D+18,Katherine Clark,D,"236,243","74,856",225,"311,324",TRUE,FALSE,"-161,162","161,612","9,340",75.9%,24.0%,0.1%,51.8%,42.9%,8.9%,"379,720",82.0%,x
Wisconsin,WI-4,WI,-,4,D+25,Gwen Moore,D,"206,487","59,091","7,170","272,748",TRUE,FALSE,"-140,226","154,566","8,182",75.7%,21.7%,2.6%,54.0%,51.5%,2.5%,"312,481",87.3%,x
California,CA-17,CA,-,17,D+25,Ro Khanna,D,"159,105","52,057",0,"211,162",TRUE,FALSE,"-107,048","107,048","6,335",75.3%,24.7%,0.0%,50.7%,53.2%,-2.5%,"249,775",84.5%,x
Texas,TX-18,TX,-,18,D+27,Sheila Jackson Lee,D,"138,704","38,368","7,260","184,332",TRUE,FALSE,"-93,076","107,596","5,530",75.2%,20.8%,3.9%,54.4%,56.3%,-1.9%,"206,135",89.4%,x
Texas,TX-29,TX,-,29,D+19,Sylvia Garcia,D,"88,188","28,098","1,208","117,494",TRUE,FALSE,"-58,882","61,298","3,525",75.1%,23.9%,1.0%,51.1%,45.6%,5.5%,"133,934",87.7%,x
California,CA-18,CA,-,18,D+23,Anna Eshoo,D,"225,142","77,096",0,"302,238",TRUE,FALSE,"-148,046","148,046","9,067",74.5%,25.5%,0.0%,49.0%,53.2%,-4.2%,"335,138",90.2%,x
California,CA-11,CA,-,11,D+21,Mark DeSaulnier,D,"204,369","71,312",0,"275,681",TRUE,FALSE,"-133,057","133,057","8,270",74.1%,25.9%,0.0%,48.3%,47.6%,0.7%,"320,522",86.0%,x
Colorado,CO-1,CO,-,1,D+21,Diana DeGette,D,"272,886","85,207","11,622","369,715",TRUE,FALSE,"-176,057","199,301","11,091",73.8%,23.0%,3.1%,50.8%,45.8%,5.0%,"401,981",92.0%,x
California,CA-19,CA,-,19,D+24,Zoe Lofgren,D,"162,496","57,823",0,"220,319",TRUE,FALSE,"-104,673","104,673","6,610",73.8%,26.2%,0.0%,47.5%,51.4%,-3.9%,"257,624",85.5%,x
Ohio,OH-3,OH,-,3,D+19,Joyce Beatty,D,"181,575","65,040",62,"246,677",TRUE,FALSE,"-116,473","116,597","7,400",73.6%,26.4%,0.0%,47.2%,38.9%,8.3%,"314,301",78.5%,x
Illinois,IL-1,IL,-,1,D+27,Bobby Rush,D,"189,560","50,960","17,365","257,885",TRUE,FALSE,"-121,235","155,965","7,737",73.5%,19.8%,6.7%,53.7%,53.2%,0.5%,"329,221",78.3%,x
Illinois,IL-9,IL,-,9,D+18,Jan Schakowsky,D,"213,368","76,983",0,"290,351",TRUE,FALSE,"-136,385","136,385","8,711",73.5%,26.5%,0.0%,47.0%,44.5%,2.5%,"344,539",84.3%,x
California,CA-30,CA,-,30,D+18,Brad Sherman,D,"191,573","69,420",0,"260,993",TRUE,FALSE,"-122,153","122,153","7,830",73.4%,26.6%,0.0%,46.8%,43.4%,3.4%,"302,821",86.2%,x
New York,NY-26,NY,-,26,D+11,Brian Higgins,D,"169,166","61,488",5,"230,659",TRUE,FALSE,"-107,673","107,683","6,920",73.3%,26.7%,0.0%,46.7%,19.6%,27.1%,"305,135",75.6%,x
Hawaii,HI-1,HI,-,1,D+17,Ed Case,D,"134,650","42,498","7,063","184,211",TRUE,FALSE,"-85,089","99,215","5,526",73.1%,23.1%,3.8%,50.0%,32.5%,17.5%,"209,300",88.0%,x
North Carolina,NC-12,NC,-,12,D+18,Alma Adams,D,"203,974","75,164",0,"279,138",TRUE,FALSE,"-128,810","128,810","8,374",73.1%,26.9%,0.0%,46.1%,39.8%,6.3%,"362,147",77.1%,x
Illinois,IL-3,IL,-,3,D+6,Dan Lipinski,D,"163,053","57,885","2,396","223,334",TRUE,FALSE,"-102,772","107,564","6,700",73.0%,25.9%,1.1%,47.1%,15.4%,31.7%,"286,582",77.9%,x
California,CA-15,CA,-,15,D+20,Eric Swalwell,D,"177,989","65,940",0,"243,929",TRUE,FALSE,"-112,049","112,049","7,318",73.0%,27.0%,0.0%,45.9%,44.9%,1.0%,"289,926",84.1%,x
Oregon,OR-3,OR,-,3,D+24,Earl Blumenauer,D,"279,019","76,187","29,120","384,326",TRUE,FALSE,"-173,712","231,952","11,530",72.6%,19.8%,7.6%,52.8%,46.7%,6.1%,"412,761",93.1%,x
California,CA-34,CA,-,34,D+35,Jimmy Gomez,D,"110,195",0,"41,711","151,906",TRUE,FALSE,"-68,484","151,906","4,557",72.5%,0.0%,27.5%,72.5%,72.8%,N/A,"184,601",82.3%,x
North Carolina,NC-4,NC,-,4,D+17,David Price,D,"247,067","82,052","12,284","341,403",TRUE,FALSE,"-152,731","177,299","10,242",72.4%,24.0%,3.6%,48.3%,40.3%,8.0%,"423,656",80.6%,x
Mississippi,MS-2,MS,-,2,D+14,Bennie Thompson,D,"158,921",0,"62,458","221,379",TRUE,FALSE,"-96,463","221,379","6,641",71.8%,0.0%,28.2%,71.8%,28.4%,N/A,"291,419",76.0%,x
Washington,WA-2,WA,-,2,D+10,Rick Larsen,D,"210,187",0,"84,646","294,833",TRUE,FALSE,"-125,541","294,833","8,845",71.3%,0.0%,28.7%,71.3%,22.1%,N/A,"327,533",90.0%,x
Texas,TX-35,TX,-,35,D+15,Lloyd Doggett,D,"138,278","50,553","5,236","194,067",TRUE,FALSE,"-82,489","92,961","5,822",71.3%,26.0%,2.7%,45.2%,33.3%,11.9%,"202,033",96.1%,x
California,CA-51,CA,-,51,D+22,Juan Vargas,D,"109,527","44,301",0,"153,828",TRUE,FALSE,"-65,226","65,226","4,615",71.2%,28.8%,0.0%,42.4%,49.0%,-6.6%,"205,852",74.7%,x
Virginia,VA-11,VA,-,11,D+15,Gerry Connolly,D,"219,191","83,023","6,051","308,265",TRUE,FALSE,"-130,117","142,219","9,248",71.1%,26.9%,2.0%,44.2%,38.9%,5.3%,"361,492",85.3%,x
Maryland,MD-5,MD,-,5,D+16,Steny Hoyer,D,"213,796","82,361","8,052","304,209",TRUE,FALSE,"-123,383","139,487","9,126",70.3%,27.1%,2.6%,43.2%,33.8%,9.4%,"365,068",83.3%,x
New Jersey,NJ-9,NJ,-,9,D+16,Bill Pascrell,D,"140,832","57,854","1,730","200,416",TRUE,FALSE,"-81,248","84,708","6,012",70.3%,28.9%,0.9%,41.4%,31.2%,10.2%,"276,523",72.5%,x
South Carolina,SC-6,SC,-,6,D+19,Jim Clyburn,D,"144,765","58,282","3,386","206,433",TRUE,FALSE,"-83,097","89,869","6,193",70.1%,28.2%,1.6%,41.9%,37.4%,4.5%,"264,993",77.9%,x
California,CA-33,CA,-,33,D+16,Ted Lieu,D,"219,091","93,769",0,"312,860",TRUE,FALSE,"-125,322","125,322","9,386",70.0%,30.0%,0.0%,40.1%,41.3%,-1.2%,"353,897",88.4%,x
North Carolina,NC-1,NC,-,1,D+17,G.K. Butterfield,D,"190,457","82,218",0,"272,675",TRUE,FALSE,"-108,239","108,239","8,180",69.8%,30.2%,0.0%,39.7%,37.4%,2.3%,"361,229",75.5%,x
California,CA-35,CA,-,35,D+19,Norma Torres,D,"103,420","45,604",0,"149,024",TRUE,FALSE,"-57,816","57,816","4,471",69.4%,30.6%,0.0%,38.8%,40.8%,-2.0%,"188,611",79.0%,x
Vermont,VT-AL,VT,-,AL,D+15,Peter Welch,D,"188,547","70,705","13,199","272,451",TRUE,FALSE,"-104,643","131,041","8,174",69.2%,26.0%,4.8%,43.3%,26.4%,16.9%,"315,077",86.5%,x
California,CA-46,CA,-,46,D+15,Lou Correa,D,"102,278","45,638",0,"147,916",TRUE,FALSE,"-56,640","56,640","4,437",69.1%,30.9%,0.0%,38.3%,38.0%,0.3%,"182,597",81.0%,x
Maryland,MD-3,MD,-,3,D+13,John Sarbanes,D,"202,407","82,774","7,699","292,880",TRUE,FALSE,"-111,934","127,332","8,786",69.1%,28.3%,2.6%,40.8%,30.9%,9.9%,"345,565",84.8%,x
California,CA-53,CA,-,53,D+14,Susan Davis,D,"185,667","83,127",0,"268,794",TRUE,FALSE,"-102,540","102,540","8,064",69.1%,30.9%,0.0%,38.1%,34.9%,3.2%,"310,373",86.6%,x
California,CA-38,CA,-,38,D+17,Linda Sanchez,D,"139,188","62,968",0,"202,156",TRUE,FALSE,"-76,220","76,220","6,065",68.9%,31.1%,0.0%,37.7%,39.5%,-1.8%,"248,271",81.4%,x
California,CA-32,CA,-,32,D+17,Grace Napolitano,D,"121,759","55,272",0,"177,031",TRUE,FALSE,"-66,487","66,487","5,311",68.8%,31.2%,0.0%,37.6%,38.9%,-1.3%,"220,046",80.5%,x
New Jersey,NJ-12,NJ,-,12,D+16,Bonnie Watson Coleman,D,"173,334","79,041",0,"252,375",TRUE,FALSE,"-94,293","94,293","7,571",68.7%,31.3%,0.0%,37.4%,33.2%,4.2%,"314,721",80.2%,x
Texas,TX-16,TX,-,16,D+17,Veronica Escobar,D,"124,437","49,127","8,190","181,754",TRUE,FALSE,"-67,120","83,500","5,453",68.5%,27.0%,4.5%,41.4%,40.3%,1.1%,"194,603",93.4%,x
Maryland,MD-8,MD,-,8,D+14,Jamie Raskin,D,"217,679","96,525","5,126","319,330",TRUE,FALSE,"-116,028","126,280","9,580",68.2%,30.2%,1.6%,37.9%,33.3%,4.6%,"369,004",86.5%,x
Michigan,MI-12,MI,-,12,D+14,Debbie Dingell,D,"200,588","85,115","8,925","294,628",TRUE,FALSE,"-106,548","124,398","8,839",68.1%,28.9%,3.0%,39.2%,26.2%,13.0%,"340,042",86.6%,x
Tennessee,TN-5,TN,-,5,D+7,Jim Cooper,D,"177,923","84,317",8,"262,248",TRUE,FALSE,"-93,598","93,614","7,867",67.8%,32.2%,0.0%,35.7%,18.2%,17.5%,"279,441",93.8%,x
Ohio,OH-9,OH,-,9,D+14,Marcy Kaptur,D,"157,219","74,670",48,"231,937",TRUE,FALSE,"-82,501","82,597","6,958",67.8%,32.2%,0.0%,35.6%,22.2%,13.4%,"301,656",76.9%,x
Massachusetts,MA-2,MA,-,2,D+9,Jim McGovern,D,"191,332","93,391",170,"284,893",TRUE,FALSE,"-97,771","98,111","8,547",67.2%,32.8%,0.1%,34.4%,19.0%,15.4%,"357,395",79.7%,x
Florida,FL-5,FL,-,5,D+12,Al Lawson,D,"180,527","89,799",0,"270,326",TRUE,FALSE,"-90,728","90,728","8,110",66.8%,33.2%,0.0%,33.6%,25.4%,8.2%,"311,972",86.7%,x
Rhode Island,RI-1,RI,-,1,D+14,David Cicilline,D,"116,099","57,567",417,"174,083",TRUE,FALSE,"-58,115","58,949","5,222",66.7%,33.1%,0.2%,33.6%,24.9%,8.7%,"219,493",79.3%,x
New York,NY-20,NY,-,20,D+7,Paul Tonko,D,"176,811","89,058",0,"265,869",TRUE,FALSE,"-87,753","87,753","7,976",66.5%,33.5%,0.0%,33.0%,13.3%,19.7%,"329,220",80.8%,x
Nevada,NV-1,NV,-,1,D+15,Dina Titus,D,"100,707","46,978","4,516","152,201",TRUE,FALSE,"-49,213","58,245","4,566",66.2%,30.9%,3.0%,35.3%,29.0%,6.3%,"196,841",77.3%,x
Maryland,MD-2,MD,-,2,D+11,Dutch Ruppersberger,D,"167,201","77,782","8,319","253,302",TRUE,FALSE,"-81,100","97,738","7,599",66.0%,30.7%,3.3%,35.3%,21.0%,14.3%,"313,406",80.8%,x
Minnesota,MN-4,MN,-,4,D+14,Betty McCollum,D,"216,865","97,747","14,003","328,615",TRUE,FALSE,"-105,115","133,121","9,858",66.0%,29.7%,4.3%,36.2%,30.6%,5.6%,"367,654",89.4%,x
Illinois,IL-8,IL,-,8,D+8,Raja Krishnamoorthi,D,"130,054","67,073",0,"197,127",TRUE,FALSE,"-62,981","62,981","5,914",66.0%,34.0%,0.0%,31.9%,21.6%,10.3%,"257,872",76.4%,x
Illinois,IL-10,IL,-,10,D+10,Brad Schneider,D,"156,540","82,124",0,"238,664",TRUE,FALSE,"-74,416","74,416","7,160",65.6%,34.4%,0.0%,31.2%,28.9%,2.3%,"293,238",81.4%,x
Pennsylvania,PA-5,PA,-,5,D+13,Mary Gay Scanlon,D,"198,639","106,075",0,"304,714",TRUE,FALSE,"-92,564","92,564","9,141",65.2%,34.8%,0.0%,30.4%,28.2%,2.2%,"367,453",82.9%,x
Massachusetts,MA-6,MA,-,6,D+6,Seth Moulton,D,"217,703","104,798","11,474","333,975",TRUE,FALSE,"-101,431","124,379","10,019",65.2%,31.4%,3.4%,33.8%,17.6%,16.2%,"407,896",81.9%,x
California,CA-41,CA,-,41,D+12,Mark Takano,D,"108,227","58,021",0,"166,248",TRUE,FALSE,"-50,206","50,206","4,987",65.1%,34.9%,0.0%,30.2%,27.9%,2.3%,"206,961",80.3%,x
Indiana,IN-1,IN,-,1,D+8,Peter Visclosky,D,"159,611","85,594",4,"245,209",TRUE,FALSE,"-74,013","74,021","7,356",65.1%,34.9%,0.0%,30.2%,12.5%,17.7%,"301,431",81.3%,x
California,CA-47,CA,-,47,D+13,Alan Lowenthal,D,"143,354","77,682",0,"221,036",TRUE,FALSE,"-65,672","65,672","6,631",64.9%,35.1%,0.0%,29.7%,31.5%,-1.8%,"259,263",85.3%,x
Indiana,IN-7,IN,-,7,D+11,Andre Carson,D,"141,139","76,457",233,"217,829",TRUE,FALSE,"-64,449","64,915","6,535",64.8%,35.1%,0.1%,29.7%,22.5%,7.2%,"268,048",81.3%,x
Connecticut,CT-3,CT,-,3,D+9,Rosa DeLauro,D,"174,572","95,667",0,"270,239",TRUE,FALSE,"-78,905","78,905","8,107",64.6%,35.4%,0.0%,29.2%,15.5%,13.7%,"322,281",83.9%,x
Delaware,DE-AL,DE,-,AL,D+6,Lisa Blunt Rochester,D,"227,353","125,384",0,"352,737",TRUE,FALSE,"-101,969","101,969","10,582",64.5%,35.5%,0.0%,28.9%,11.4%,17.5%,"442,997",79.6%,x
New Jersey,NJ-1,NJ,-,1,D+13,Donald Norcross,D,"169,628","87,617","6,173","263,418",TRUE,FALSE,"-75,838","88,184","7,903",64.4%,33.3%,2.3%,31.1%,24.5%,6.6%,"329,187",80.0%,x
Washington,WA-6,WA,-,6,D+6,Derek Kilmer,D,"206,409","116,677",0,"323,086",TRUE,FALSE,"-89,732","89,732","9,693",63.9%,36.1%,0.0%,27.8%,12.4%,15.4%,"333,450",96.9%,x
Connecticut,CT-1,CT,-,1,D+12,John Larson,D,"175,087","96,024","3,029","274,140",TRUE,FALSE,"-76,034","82,092","8,224",63.9%,35.0%,1.1%,28.8%,23.1%,5.7%,"329,238",83.3%,x
Arizona,AZ-3,AZ,-,3,D+13,Raul Grijalva,D,"114,650","64,868",0,"179,518",TRUE,FALSE,"-49,782","49,782","5,386",63.9%,36.1%,0.0%,27.7%,29.5%,-1.8%,"211,797",84.8%,x
California,CA-52,CA,-,52,D+6,Scott Peters,D,"188,992","107,015",0,"296,007",TRUE,FALSE,"-81,977","81,977","8,880",63.8%,36.2%,0.0%,27.7%,22.6%,5.1%,"329,258",89.9%,x
Illinois,IL-11,IL,-,11,D+9,Bill Foster,D,"145,407","82,358",0,"227,765",TRUE,FALSE,"-63,049","63,049","6,833",63.8%,36.2%,0.0%,27.7%,23.3%,4.4%,"282,906",80.5%,x
Oregon,OR-1,OR,-,1,D+9,Suzanne Bonamici,D,"231,198","116,446","15,605","363,249",TRUE,FALSE,"-99,147","130,357","10,897",63.6%,32.1%,4.3%,31.6%,21.9%,9.7%,"398,968",91.0%,x
New Jersey,NJ-6,NJ,-,6,D+9,Frank Pallone,D,"140,752","80,443",0,"221,195",TRUE,FALSE,"-60,309","60,309","6,636",63.6%,36.4%,0.0%,27.3%,15.6%,11.7%,"289,650",76.4%,x
Pennsylvania,PA-4,PA,-,4,D+7,Madeleine Dean,D,"211,524","121,467",0,"332,991",TRUE,FALSE,"-90,057","90,057","9,990",63.5%,36.5%,0.0%,27.0%,19.4%,7.6%,"382,477",87.1%,x
Rhode Island,RI-2,RI,-,2,D+6,Jim Langevin,D,"126,476","72,271",450,"199,197",TRUE,FALSE,"-53,755","54,655","5,976",63.5%,36.3%,0.2%,27.2%,6.8%,20.4%,"243,211",81.9%,x
New Mexico,NM-3,NM,-,3,D+8,Ben R. Lujan,D,"155,201","76,427","13,265","244,893",TRUE,FALSE,"-65,509","92,039","7,347",63.4%,31.2%,5.4%,32.2%,15.2%,17.0%,"279,058",87.8%,x
Virginia,VA-4,VA,-,4,D+10,Don McEachin,D,"187,642","107,706","4,506","299,854",TRUE,FALSE,"-75,430","84,442","8,996",62.6%,35.9%,1.5%,26.7%,21.4%,5.3%,"364,550",82.3%,x
Connecticut,CT-2,CT,-,2,D+3,Joe Courtney,D,"179,731","102,483","6,900","289,114",TRUE,FALSE,"-70,348","84,148","8,673",62.2%,35.4%,2.4%,26.7%,2.9%,23.8%,"341,409",84.7%,x
Illinois,IL-17,IL,-,17,D+3,Cheri Bustos,D,"142,659","87,090",0,"229,749",TRUE,FALSE,"-55,569","55,569","6,892",62.1%,37.9%,0.0%,24.2%,-0.7%,24.9%,"283,713",81.0%,x
Kentucky,KY-3,KY,-,3,D+6,John Yarmuth,D,"173,002","101,930","3,788","278,720",TRUE,FALSE,"-67,284","74,860","8,362",62.1%,36.6%,1.4%,25.5%,14.9%,10.6%,"340,045",82.0%,x
Florida,FL-22,FL,-,22,D+6,Ted Deutch,D,"184,634","113,049",0,"297,683",TRUE,FALSE,"-71,585","71,585","8,930",62.0%,38.0%,0.0%,24.0%,15.7%,8.3%,"356,478",83.5%,x
Massachusetts,MA-3,MA,-,3,D+9,Lori Trahan,D,"173,175","93,445","12,707","279,327",TRUE,FALSE,"-67,023","92,437","8,380",62.0%,33.5%,4.5%,28.5%,22.5%,6.0%,"354,367",78.8%,x
California,CA-26,CA,-,26,D+7,Julia Brownley,D,"158,216","97,210",0,"255,426",TRUE,FALSE,"-61,006","61,006","7,663",61.9%,38.1%,0.0%,23.9%,21.4%,2.5%,"298,769",85.5%,x
Missouri,MO-5,MO,-,5,D+7,Emanuel Cleaver,D,"175,019","101,069","7,697","283,785",TRUE,FALSE,"-66,253","81,647","8,514",61.7%,35.6%,2.7%,26.1%,14.8%,11.3%,"327,471",86.7%,x
Washington,WA-10,WA,-,10,D+5,Denny Heck,D,"166,215","103,860",0,"270,075",TRUE,FALSE,"-62,355","62,355","8,102",61.5%,38.5%,0.0%,23.1%,11.3%,11.8%,"294,847",91.6%,x
New York,NY-4,NY,-,4,D+4,Kathleen Rice,D,"159,535","100,571",0,"260,106",TRUE,FALSE,"-58,964","58,964","7,803",61.3%,38.7%,0.0%,22.7%,9.5%,13.2%,"339,434",76.6%,x
Connecticut,CT-4,CT,-,4,D+7,Jim Himes,D,"168,726","106,921",4,"275,651",TRUE,FALSE,"-61,801","61,809","8,270",61.2%,38.8%,0.0%,22.4%,23.0%,-0.6%,"328,790",83.8%,x
Arizona,AZ-9,AZ,-,9,D+4,Greg Stanton,D,"159,583","101,662",0,"261,245",TRUE,FALSE,"-57,921","57,921","7,837",61.1%,38.9%,0.0%,22.2%,15.9%,6.3%,"290,237",90.0%,x
Ohio,OH-13,OH,-,13,D+7,Tim Ryan,D,"153,323","98,047",0,"251,370",TRUE,FALSE,"-55,276","55,276","7,541",61.0%,39.0%,0.0%,22.0%,6.5%,15.5%,"319,864",78.6%,x
Colorado,CO-7,CO,-,7,D+6,Ed Perlmutter,D,"204,260","119,734","14,073","338,067",TRUE,FALSE,"-70,453","98,599","10,142",60.4%,35.4%,4.2%,25.0%,12.1%,12.9%,"371,934",90.9%,x
Colorado,CO-2,CO,-,2,D+9,Joe Neguse,D,"259,608","144,901","26,256","430,765",TRUE,FALSE,"-88,451","140,963","12,923",60.3%,33.6%,6.1%,26.6%,21.3%,5.3%,"470,864",91.5%,x
Texas,TX-34,TX,-,34,D+10,Filemon Vela,D,"85,825","57,243",0,"143,068",TRUE,FALSE,"-28,582","28,582","4,292",60.0%,40.0%,0.0%,20.0%,21.5%,-1.5%,"172,183",83.1%,x
Wisconsin,WI-3,WI,-,3,EVEN,Ron Kind,D,"187,888","126,980",0,"314,868",TRUE,FALSE,"-60,908","60,908","9,446",59.7%,40.3%,0.0%,19.3%,-4.5%,23.8%,"363,271",86.7%,x
Michigan,MI-9,MI,-,9,D+4,Andy Levin,D,"181,734","112,123","10,706","304,563",TRUE,FALSE,"-58,905","80,317","9,137",59.7%,36.8%,3.5%,22.9%,7.7%,15.2%,"355,063",85.8%,x
Texas,TX-15,TX,-,15,D+7,Vicente Gonzalez,D,"98,333","63,862","2,607","164,802",TRUE,FALSE,"-31,864","37,078","4,944",59.7%,38.8%,1.6%,20.9%,16.6%,4.3%,"185,819",88.7%,x
Georgia,GA-2,GA,-,2,D+6,Sanford Bishop,D,"136,699","92,472",0,"229,171",TRUE,FALSE,"-44,227","44,227","6,875",59.6%,40.4%,0.0%,19.3%,11.7%,7.6%,"248,104",92.4%,x
Michigan,MI-5,MI,-,5,D+5,Daniel Kildee,D,"164,502","99,265","12,646","276,413",TRUE,FALSE,"-52,591","77,883","8,292",59.5%,35.9%,4.6%,23.6%,4.3%,19.3%,"327,971",84.3%,x
Massachusetts,MA-9,MA,-,9,D+4,Bill Keating,D,"192,347","131,463",118,"323,928",TRUE,FALSE,"-60,766","61,002","9,718",59.4%,40.6%,0.0%,18.8%,10.6%,8.2%,"397,353",81.5%,x
Washington,WA-1,WA,-,1,D+6,Suzan DelBene,D,"197,209","135,534",0,"332,743",TRUE,FALSE,"-61,675","61,675","9,982",59.3%,40.7%,0.0%,18.5%,16.4%,2.1%,"347,060",95.9%,x
New Mexico,NM-1,NM,-,1,D+7,Deb Haaland,D,"147,336","90,507","11,319","249,162",TRUE,FALSE,"-45,510","68,148","7,475",59.1%,36.3%,4.5%,22.8%,16.5%,6.3%,"285,170",87.4%,x
California,CA-36,CA,-,36,D+2,Raul Ruiz,D,"122,169","84,839",0,"207,008",TRUE,FALSE,"-37,330","37,330","6,210",59.0%,41.0%,0.0%,18.0%,8.7%,9.3%,"237,370",87.2%,x
New York,NY-25,NY,-,25,D+8,Joe Morelle,D,"159,244","110,736",0,"269,980",TRUE,FALSE,"-48,508","48,508","8,099",59.0%,41.0%,0.0%,18.0%,16.2%,1.8%,"333,384",81.0%,x
New York,NY-3,NY,-,3,D+1,Tom Suozzi,D,"157,456","109,514",0,"266,970",TRUE,FALSE,"-47,942","47,942","8,009",59.0%,41.0%,0.0%,18.0%,6.1%,11.9%,"348,146",76.7%,x
Maryland,MD-6,MD,-,6,D+6,David Trone,D,"163,346","105,209","8,529","277,084",TRUE,FALSE,"-49,608","66,666","8,313",59.0%,38.0%,3.1%,21.0%,15.4%,5.6%,"337,363",82.1%,x
Pennsylvania,PA-6,PA,-,6,D+2,Chrissy Houlahan,D,"177,704","124,124",0,"301,828",TRUE,FALSE,"-53,580","53,580","9,055",58.9%,41.1%,0.0%,17.8%,9.3%,8.5%,"353,374",85.4%,x
Maine,ME-1,ME,-,1,D+8,Chellie Pingree,D,"201,195","111,188","29,670","342,053",TRUE,FALSE,"-60,337","119,677","10,262",58.8%,32.5%,8.7%,26.3%,14.8%,11.5%,"394,329",86.7%,x
California,CA-31,CA,-,31,D+8,Pete Aguilar,D,"110,143","77,352",0,"187,495",TRUE,FALSE,"-32,791","32,791","5,625",58.7%,41.3%,0.0%,17.5%,21.1%,-3.6%,"228,825",81.9%,x
California,CA-24,CA,-,24,D+7,Salud Carbajal,D,"166,550","117,881",0,"284,431",TRUE,FALSE,"-48,669","48,669","8,533",58.6%,41.4%,0.0%,17.1%,19.9%,-2.8%,"316,384",89.9%,x
Florida,FL-23,FL,-,23,D+11,Debbie Wasserman Schultz,D,"161,611","99,446","15,309","276,366",TRUE,FALSE,"-46,856","77,474","8,291",58.5%,36.0%,5.5%,22.5%,26.1%,-3.6%,"335,744",82.3%,x
California,CA-3,CA,-,3,D+5,John Garamendi,D,"134,875","97,376",0,"232,251",TRUE,FALSE,"-37,499","37,499","6,968",58.1%,41.9%,0.0%,16.1%,12.5%,3.6%,"263,803",88.0%,x
Florida,FL-9,FL,-,9,D+5,Darren Soto,D,"172,172","124,565",0,"296,737",TRUE,FALSE,"-47,607","47,607","8,902",58.0%,42.0%,0.0%,16.0%,12.9%,3.1%,"356,530",83.2%,x
Florida,FL-7,FL,-,7,EVEN,Stephanie Murphy,D,"183,113","134,285",0,"317,398",TRUE,FALSE,"-48,828","48,828","9,522",57.7%,42.3%,0.0%,15.4%,7.3%,8.1%,"363,186",87.4%,x
Florida,FL-13,FL,-,13,D+2,Charlie Crist,D,"182,717","134,254",0,"316,971",TRUE,FALSE,"-48,463","48,463","9,509",57.6%,42.4%,0.0%,15.3%,3.2%,12.1%,"360,760",87.9%,x
California,CA-16,CA,-,16,D+9,Jim Costa,D,"82,266","60,693",0,"142,959",TRUE,FALSE,"-21,573","21,573","4,289",57.5%,42.5%,0.0%,15.1%,21.3%,-6.2%,"172,088",83.1%,x
New Jersey,NJ-11,NJ,-,11,R+3,Mikie Sherrill,D,"183,684","136,322","3,568","323,574",TRUE,FALSE,"-43,794","50,930","9,707",56.8%,42.1%,1.1%,14.6%,-0.9%,15.5%,"380,521",85.0%,x
California,CA-9,CA,-,9,D+8,Jerry McNerney,D,"113,414","87,349",0,"200,763",TRUE,FALSE,"-26,065","26,065","6,023",56.5%,43.5%,0.0%,13.0%,18.2%,-5.2%,"243,453",82.5%,x
California,CA-49,CA,-,49,R+1,Mike Levin,D,"166,453","128,577",0,"295,030",TRUE,FALSE,"-37,876","37,876","8,851",56.4%,43.6%,0.0%,12.8%,7.5%,5.3%,"314,717",93.7%,x
Pennsylvania,PA-17,PA,-,17,R+3,Conor Lamb,D,"183,162","142,417",0,"325,579",TRUE,FALSE,"-40,745","40,745","9,767",56.3%,43.7%,0.0%,12.5%,-2.5%,15.0%,"380,743",85.5%,x
New Jersey,NJ-5,NJ,-,5,R+3,Josh Gottheimer,D,"169,546","128,255","4,022","301,823",TRUE,FALSE,"-37,269","45,313","9,055",56.2%,42.5%,1.3%,13.7%,-1.1%,14.8%,"364,545",82.8%,x
Virginia,VA-10,VA,-,10,D+1,Jennifer Wexton,D,"206,356","160,841",598,"367,795",TRUE,FALSE,"-44,917","46,113","11,034",56.1%,43.7%,0.2%,12.4%,9.8%,2.6%,"408,608",90.0%,x
Oregon,OR-4,OR,-,4,EVEN,Peter DeFazio,D,"208,710","152,414","11,769","372,893",TRUE,FALSE,"-44,527","68,065","11,187",56.0%,40.9%,3.2%,15.1%,0.1%,15.0%,"406,334",91.8%,x
Connecticut,CT-5,CT,-,5,D+2,Jahana Hayes,D,"151,225","119,426",13,"270,664",TRUE,FALSE,"-31,786","31,812","8,120",55.9%,44.1%,0.0%,11.7%,4.1%,7.6%,"323,202",83.7%,x
Minnesota,MN-3,MN,-,3,D+1,Dean Phillips,D,"202,404","160,839",706,"363,949",TRUE,FALSE,"-40,859","42,271","10,918",55.6%,44.2%,0.2%,11.4%,9.4%,2.0%,"401,670",90.6%,x
New York,NY-18,NY,-,18,R+1,Sean Patrick Maloney,D,"139,564","112,035",0,"251,599",TRUE,FALSE,"-27,529","27,529","7,548",55.5%,44.5%,0.0%,10.9%,-2.0%,12.9%,"312,199",80.6%,x
New Hampshire,NH-2,NH,-,2,D+2,Annie Kuster,D,"154,378","118,670","6,357","279,405",TRUE,FALSE,"-29,351","42,065","8,382",55.3%,42.5%,2.3%,12.8%,2.4%,10.4%,"366,722",76.2%,x
California,CA-7,CA,-,7,D+3,Ami Bera,D,"155,016","126,601",0,"281,617",TRUE,FALSE,"-28,415","28,415","8,449",55.0%,45.0%,0.0%,10.1%,11.2%,-1.1%,"309,549",91.0%,x
Oregon,OR-5,OR,-,5,EVEN,Kurt Schrader,D,"197,187","149,887","11,395","358,469",TRUE,FALSE,"-35,905","58,695","10,754",55.0%,41.8%,3.2%,13.2%,4.1%,9.1%,"389,153",92.1%,x
Iowa,IA-2,IA,-,2,D+1,Dave Loebsack,D,"171,446","133,287","8,180","312,913",TRUE,FALSE,"-29,979","46,339","9,387",54.8%,42.6%,2.6%,12.2%,-4.1%,16.3%,"384,495",81.4%,x
Arizona,AZ-2,AZ,-,2,R+1,Ann Kirkpatrick,D,"161,000","133,083",69,"294,152",TRUE,FALSE,"-27,848","27,986","8,825",54.7%,45.2%,0.0%,9.5%,4.8%,4.7%,"321,540",91.5%,x
Pennsylvania,PA-8,PA,-,8,R+1,Matt Cartwright,D,"135,603","112,563",0,"248,166",TRUE,FALSE,"-23,040","23,040","7,445",54.6%,45.4%,0.0%,9.3%,-9.5%,18.8%,"310,154",80.0%,x
California,CA-25,CA,-,25,EVEN,Katie Hill,D,"133,209","111,813",0,"245,022",TRUE,FALSE,"-21,396","21,396","7,351",54.4%,45.6%,0.0%,8.7%,6.6%,2.1%,"274,459",89.3%,x
Colorado,CO-6,CO,-,6,D+2,Jason Crow,D,"187,639","148,685","10,498","346,822",TRUE,FALSE,"-28,456","49,452","10,405",54.1%,42.9%,3.0%,11.2%,8.9%,2.3%,"380,530",91.1%,x
Arizona,AZ-1,AZ,-,1,R+2,Tom O'Halleran,D,"143,240","122,784",65,"266,089",TRUE,FALSE,"-20,391","20,521","7,983",53.8%,46.1%,0.0%,7.7%,-1.1%,8.8%,"289,086",92.0%,x
Illinois,IL-6,IL,-,6,R+2,Sean Casten,D,"169,001","146,445",0,"315,446",TRUE,FALSE,"-22,556","22,556","9,463",53.6%,46.4%,0.0%,7.2%,6.8%,0.4%,"355,920",88.6%,x
Kansas,KS-3,KS,-,3,R+4,Sharice Davids,D,"170,518","139,762","8,021","318,301",TRUE,FALSE,"-22,735","38,777","9,549",53.6%,43.9%,2.5%,9.7%,1.2%,8.5%,"344,468",92.4%,x
New Hampshire,NH-1,NH,-,1,R+2,Chris Pappas ,D,"155,891","131,015","4,160","291,066",TRUE,FALSE,"-20,716","29,036","8,732",53.6%,45.0%,1.4%,8.5%,-1.6%,10.1%,"377,574",77.1%,x
California,CA-48,CA,-,48,R+4,Harley Rouda,D,"157,837","136,899",0,"294,736",TRUE,FALSE,"-20,938","20,938","8,842",53.6%,46.4%,0.0%,7.1%,1.7%,5.4%,"320,018",92.1%,x
Pennsylvania,PA-7,PA,-,7,D+1,Susan Wild,D,"140,813","114,437","8,011","263,261",TRUE,FALSE,"-18,365","34,387","7,898",53.5%,43.5%,3.0%,10.0%,1.1%,8.9%,"329,510",79.9%,x
New York,NY-11,NY,-,11,R+3,Max Rose,D,"101,823","89,441",774,"192,038",TRUE,FALSE,"-11,608","13,156","5,761",53.0%,46.6%,0.4%,6.4%,-9.8%,16.2%,"250,083",76.8%,x
New Jersey,NJ-2,NJ,-,2,R+1,Jeff Van Drew,D,"136,685","116,866","4,812","258,363",TRUE,FALSE,"-15,007","24,631","7,751",52.9%,45.2%,1.9%,7.7%,-4.6%,12.3%,"321,018",80.5%,x
Minnesota,MN-2,MN,-,2,R+2,Angie Craig ,D,"177,958","159,344",666,"337,968",TRUE,FALSE,"-17,948","19,280","10,139",52.7%,47.1%,0.2%,5.5%,-1.2%,6.7%,"381,647",88.6%,x
Texas,TX-7,TX,-,7,R+7,Lizzie Fletcher,D,"127,959","115,642",0,"243,601",TRUE,FALSE,"-12,317","12,317","7,308",52.5%,47.5%,0.0%,5.1%,1.4%,3.7%,"258,953",94.1%,x
Illinois,IL-14,IL,-,14,R+5,Lauren Underwood,D,"156,035","141,164",0,"297,199",TRUE,FALSE,"-14,871","14,871","8,916",52.5%,47.5%,0.0%,5.0%,-4.0%,9.0%,"338,514",87.8%,x
Washington,WA-8,WA,-,8,EVEN,Kim Schrier,D,"164,089","148,968",0,"313,057",TRUE,FALSE,"-15,121","15,121","9,392",52.4%,47.6%,0.0%,4.8%,3.0%,1.8%,"320,558",97.7%,x
Texas,TX-32,TX,-,32,R+5,Colin Allred,D,"144,067","126,101","5,452","275,620",TRUE,FALSE,"-12,514","23,418","8,269",52.3%,45.8%,2.0%,6.5%,1.9%,4.6%,"278,463",99.0%,x
California,CA-10,CA,-,10,EVEN,Josh Harder,D,"115,945","105,955",0,"221,900",TRUE,FALSE,"-9,990","9,990","6,657",52.3%,47.7%,0.0%,4.5%,3.0%,1.5%,"243,067",91.3%,x
Minnesota,MN-7,MN,-,7,R+12,Collin Peterson,D,"146,672","134,668",169,"281,509",TRUE,FALSE,"-11,835","12,173","8,445",52.1%,47.8%,0.1%,4.3%,-30.5%,34.8%,"339,286",83.0%,x
California,CA-45,CA,-,45,R+3,Katie Porter,D,"158,906","146,383",0,"305,289",TRUE,FALSE,"-12,523","12,523","9,159",52.1%,47.9%,0.0%,4.1%,5.4%,-1.3%,"329,144",92.8%,x
Nevada,NV-4,NV,-,4,D+3,Steven Horsford ,D,"121,962","102,748","10,158","234,868",TRUE,FALSE,"-9,056","29,372","7,046",51.9%,43.7%,4.3%,8.2%,4.9%,3.3%,"276,932",84.8%,x
Nevada,NV-3,NV,-,3,R+2,Susie Lee,D,"148,501","122,566","15,101","286,168",TRUE,FALSE,"-10,834","41,036","8,585",51.9%,42.8%,5.3%,9.1%,-1.0%,10.1%,"325,601",87.9%,x
Michigan,MI-11,MI,-,11,R+4,Haley Stevens,D,"181,912","158,463","10,526","350,901",TRUE,FALSE,"-12,923","33,975","10,527",51.8%,45.2%,3.0%,6.7%,-4.4%,11.1%,"392,959",89.3%,x
Florida,FL-27,FL,-,27,D+5,Donna Shalala,D,"130,743","115,588","6,255","252,586",TRUE,FALSE,"-8,900","21,410","7,578",51.8%,45.8%,2.5%,6.0%,19.7%,-13.7%,"299,037",84.5%,x
New Jersey,NJ-7,NJ,-,7,R+3,Tom Malinowski,D,"166,985","150,785","4,972","322,742",TRUE,FALSE,"-11,228","21,172","9,682",51.7%,46.7%,1.5%,5.0%,1.1%,3.9%,"371,585",86.9%,x
California,CA-39,CA,-,39,EVEN,Gil Cisneros,D,"126,002","118,391",0,"244,393",TRUE,FALSE,"-7,611","7,611","7,332",51.6%,48.4%,0.0%,3.1%,8.5%,-5.4%,"274,379",89.1%,x
New York,NY-19,NY,-,19,R+2,Antonio Delgado,D,"147,873","132,873","7,148","287,894",TRUE,FALSE,"-7,852","22,148","8,637",51.4%,46.2%,2.5%,5.2%,-6.8%,12.0%,"322,826",89.2%,x
Virginia,VA-2,VA,-,2,R+3,Elaine Luria,D,"139,571","133,458",371,"273,400",TRUE,TRUE,"-5,742","6,484","8,202",51.1%,48.8%,0.1%,2.2%,-3.4%,5.6%,"326,766",83.7%,x
Iowa,IA-1,IA,-,1,D+1,Abby Finkenauer,D,"170,342","153,442","10,459","334,243",TRUE,FALSE,"-6,441","27,359","10,027",51.0%,45.9%,3.1%,5.1%,-3.5%,8.6%,"395,633",84.5%,x
New Mexico,NM-2,NM,-,2,R+6,Xochitl Torres Small,D,"101,489","97,767",0,"199,256",TRUE,TRUE,"-3,722","3,722","5,978",50.9%,49.1%,0.0%,1.9%,-10.2%,12.1%,"234,090",85.1%,x
New York,NY-22,NY,-,22,R+6,Anthony Brindisi,D,"127,715","123,242",0,"250,957",TRUE,TRUE,"-4,473","4,473","7,529",50.9%,49.1%,0.0%,1.8%,-15.3%,17.1%,"293,033",85.6%,x
Florida,FL-26,FL,-,26,D+6,Debbie Mucarsel-Powell,D,"119,797","115,678",0,"235,475",TRUE,TRUE,"-4,119","4,119","7,064",50.9%,49.1%,0.0%,1.7%,16.3%,-14.6%,"289,209",81.4%,x
Oklahoma,OK-5,OK,-,5,R+10,Kendra Horn,D,"121,149","117,811",0,"238,960",TRUE,TRUE,"-3,338","3,338","7,169",50.7%,49.3%,0.0%,1.4%,-13.7%,15.1%,"280,761",85.1%,x
Maine,ME-2,ME,-,2,R+2,Jared Golden,D,"142,440","138,931",0,"281,371",TRUE,TRUE,"-3,509","3,509","8,441",50.6%,49.4%,0.0%,1.2%,-10.3%,11.5%,"353,416",79.6%,x
Michigan,MI-8,MI,-,8,R+4,Elissa Slotkin,D,"172,880","159,782","8,931","341,593",TRUE,FALSE,"-4,167","22,029","10,248",50.6%,46.8%,2.6%,3.8%,-6.7%,10.5%,"377,432",90.5%,x
South Carolina,SC-1,SC,-,1,R+10,Joe Cunningham,D,"145,455","141,473",505,"287,433",TRUE,TRUE,"-3,477","4,487","8,623",50.6%,49.2%,0.2%,1.4%,-12.7%,14.1%,"336,570",85.4%,x
Georgia,GA-6,GA,-,6,R+8,Lucy McBath,D,"160,139","156,875",18,"317,032",TRUE,TRUE,"-3,246","3,282","9,511",50.5%,49.5%,0.0%,1.0%,-1.5%,2.5%,"331,262",95.7%,x
California,CA-21,CA,-,21,D+5,T.J. Cox,D,"57,239","56,377",0,"113,616",TRUE,TRUE,-862,862,"3,408",50.4%,49.6%,0.0%,0.8%,15.4%,-14.6%,"134,881",84.2%,x
Virginia,VA-7,VA,-,7,R+6,Abigail Spanberger,D,"176,079","169,295","4,429","349,803",TRUE,FALSE,"-2,355","11,213","10,494",50.3%,48.4%,1.3%,1.9%,-6.5%,8.4%,"394,763",88.6%,x
Utah,UT-4,UT,-,4,R+13,Ben McAdams,D,"134,964","134,270",37,"269,271",TRUE,TRUE,-657,731,"8,078",50.1%,49.9%,0.0%,0.3%,-6.7%,7.0%,"277,318",97.1%,x
New Jersey,NJ-3,NJ,-,3,R+2,Andy Kim,D,"153,473","149,500","3,902","306,875",TRUE,TRUE,-71,"7,875","9,206",50.0%,48.7%,1.3%,1.3%,-6.2%,7.5%,"365,276",84.0%,x
Georgia,GA-7,GA,-,7,R+9,Rob Woodall,R,"140,010","140,443",0,"280,453",TRUE,TRUE,433,-433,"8,414",49.9%,50.1%,0.0%,-0.2%,-6.4%,6.2%,"294,972",95.1%,x
Minnesota,MN-1,MN,-,1,R+5,Jim Hagedorn,R,"144,885","146,200",576,"291,661",TRUE,TRUE,"1,891",-739,"8,750",49.7%,50.1%,0.2%,-0.5%,-14.8%,14.3%,"343,735",84.9%,x
Illinois,IL-13,IL,-,13,R+3,Rodney Davis,R,"134,458","136,516",7,"270,981",TRUE,TRUE,"2,065","-2,051","8,129",49.6%,50.4%,0.0%,-0.8%,-5.3%,4.5%,"324,539",83.5%,x
Iowa,IA-3,IA,-,3,R+1,Cindy Axne,D,"175,642","167,933","12,666","356,241",TRUE,FALSE,"4,957","20,375","10,687",49.3%,47.1%,3.6%,2.2%,-3.5%,5.7%,"402,164",88.6%,x
Nebraska,NE-2,NE,-,2,R+4,Don Bacon,R,"121,770","126,715",0,"248,485",TRUE,TRUE,"4,945","-4,945","7,455",49.0%,51.0%,0.0%,-2.0%,-2.2%,0.2%,"291,680",85.2%,x
North Carolina,NC-9,NC,-,9,R+8,,,"138,341","139,246","5,130","282,717",TRUE,TRUE,"6,035","4,225","8,482",48.9%,49.3%,1.8%,-0.3%,-12.0%,11.7%,"347,478",81.4%,
New York,NY-27,NY,-,27,R+11,Chris Collins,R,"139,059","140,146","5,973","285,178",TRUE,TRUE,"7,060","4,886","8,555",48.8%,49.1%,2.1%,-0.4%,-24.3%,23.9%,"348,933",81.7%,x
Pennsylvania,PA-1,PA,-,1,R+1,Brian Fitzpatrick,R,"160,745","169,053",0,"329,798",TRUE,TRUE,"8,308","-8,308","9,894",48.7%,51.3%,0.0%,-2.5%,2.0%,-4.5%,"385,727",85.5%,x
Texas,TX-23,TX,-,23,R+1,Will Hurd,R,"102,359","103,285","4,425","210,069",TRUE,TRUE,"5,351","3,499","6,302",48.7%,49.2%,2.1%,-0.4%,3.5%,-3.9%,"233,136",90.1%,x
Pennsylvania,PA-10,PA,-,10,R+6,Scott Perry,R,"141,668","149,365",0,"291,033",TRUE,TRUE,"7,697","-7,697","8,731",48.7%,51.3%,0.0%,-2.6%,-8.9%,6.3%,"346,108",84.1%,x
California,CA-50,CA,-,50,R+11,Duncan Hunter,R,"125,448","134,362",0,"259,810",FALSE,TRUE,"8,914","-8,914","7,794",48.3%,51.7%,0.0%,-3.4%,-15.0%,11.6%,"292,878",88.7%,x
Kentucky,KY-6,KY,-,6,R+9,Andy Barr,R,"144,736","154,468","3,684","302,888",FALSE,TRUE,"13,416","-6,048","9,087",47.8%,51.0%,1.2%,-3.2%,-15.3%,12.1%,"333,174",90.9%,x
Texas,TX-31,TX,-,31,R+10,John Carter,R,"136,362","144,680","4,965","286,007",FALSE,TRUE,"13,283","-3,353","8,580",47.7%,50.6%,1.7%,-2.9%,-12.5%,9.6%,"292,427",97.8%,x
Texas,TX-21,TX,-,21,R+10,Chip Roy,R,"168,421","177,654","7,542","353,617",FALSE,TRUE,"16,775","-1,691","10,609",47.6%,50.2%,2.1%,-2.6%,-9.9%,7.3%,"362,694",97.5%,x
Texas,TX-24,TX,-,24,R+9,Kenny Marchant,R,"125,231","133,317","4,870","263,418",FALSE,TRUE,"12,956","-3,216","7,903",47.5%,50.6%,1.8%,-3.1%,-6.2%,3.1%,"277,497",94.9%,x
New York,NY-1,NY,-,1,R+5,Lee Zeldin,R,"127,991","139,027","2,988","270,006",FALSE,TRUE,"14,024","-8,048","8,100",47.4%,51.5%,1.1%,-4.1%,-12.2%,8.1%,"339,160",79.6%,x
New York,NY-24,NY,-,24,D+3,John Katko,R,"123,226","136,920",0,"260,146",FALSE,TRUE,"13,694","-13,694","7,804",47.4%,52.6%,0.0%,-5.3%,3.6%,-8.9%,"310,431",83.8%,x
Washington,WA-3,WA,-,3,R+4,Jaime Herrera Beutler,R,"145,407","161,819",0,"307,226",FALSE,TRUE,"16,412","-16,412","9,217",47.3%,52.7%,0.0%,-5.3%,-7.4%,2.1%,"315,150",97.5%,x
Pennsylvania,PA-16,PA,-,16,R+8,Mike Kelly,R,"124,109","135,348","2,939","262,396",FALSE,TRUE,"14,178","-8,300","7,872",47.3%,51.6%,1.1%,-4.3%,-19.9%,15.6%,"323,079",81.2%,x
California,CA-22,CA,-,22,R+8,Devin Nunes,R,"105,136","117,243",0,"222,379",FALSE,TRUE,"12,107","-12,107","6,671",47.3%,52.7%,0.0%,-5.4%,-9.3%,3.9%,"243,929",91.2%,x
Missouri,MO-2,MO,-,2,R+8,Ann Wagner,R,"177,611","192,477","5,978","376,066",FALSE,TRUE,"20,844","-8,888","11,282",47.2%,51.2%,1.6%,-4.0%,-10.3%,6.3%,"421,541",89.2%,x
Ohio,OH-12,OH,-,12,R+7,Troy Balderson,R,"161,251","175,677","4,719","341,647",FALSE,TRUE,"19,145","-9,707","10,249",47.2%,51.4%,1.4%,-4.2%,-11.4%,7.2%,"388,602",87.9%,x
Iowa,IA-4,IA,-,4,R+11,Steve King,R,"147,246","157,676","8,329","313,251",FALSE,TRUE,"18,759","-2,101","9,398",47.0%,50.3%,2.7%,-3.3%,-27.1%,23.8%,"383,739",81.6%,x
Florida,FL-15,FL,-,15,R+6,Ross Spano,R,"134,132","151,380",20,"285,532",FALSE,TRUE,"17,268","-17,228","8,566",47.0%,53.0%,0.0%,-6.0%,-10.0%,4.0%,"334,514",85.4%,x
Ohio,OH-1,OH,-,1,R+5,Steve Chabot,R,"141,118","154,409","5,344","300,871",FALSE,TRUE,"18,635","-7,947","9,026",46.9%,51.3%,1.8%,-4.4%,-6.6%,2.2%,"362,141",83.1%,x
New York,NY-2,NY,-,2,R+3,Peter King,R,"113,074","128,058",0,"241,132",FALSE,TRUE,"14,984","-14,984","7,234",46.9%,53.1%,0.0%,-6.2%,-8.9%,2.7%,"315,405",76.5%,x
Kansas,KS-2,KS,-,2,R+10,Steve Watkins,R,"123,859","126,098","14,731","264,688",FALSE,FALSE,"16,970","12,492","7,941",46.8%,47.6%,5.6%,-0.8%,-18.3%,17.5%,"296,810",89.2%,x
Texas,TX-10,TX,-,10,R+9,Michael McCaul,R,"144,034","157,166","6,627","307,827",FALSE,TRUE,"19,759","-6,505","9,235",46.8%,51.1%,2.2%,-4.3%,-9.1%,4.8%,"317,561",96.9%,x
Virginia,VA-5,VA,-,5,R+6,Denver Riggleman,R,"145,040","165,339",547,"310,926",FALSE,TRUE,"20,846","-19,752","9,328",46.6%,53.2%,0.2%,-6.5%,-11.0%,4.5%,"367,564",84.6%,x
Alaska,AK-AL,AK,-,AL,R+9,Don Young,R,"131,199","149,779","1,188","282,166",FALSE,TRUE,"19,768","-17,392","8,465",46.5%,53.1%,0.4%,-6.6%,-14.7%,8.1%,"318,608",88.6%,x
Texas,TX-22,TX,-,22,R+10,Pete Olson,R,"138,153","152,750","6,502","297,405",FALSE,TRUE,"21,099","-8,095","8,922",46.5%,51.4%,2.2%,-4.9%,-7.8%,2.9%,"308,653",96.4%,x
Montana,MT-AL,MT,-,AL,R+11,Greg Gianforte,R,"233,284","256,661","14,476","504,421",FALSE,TRUE,"37,853","-8,901","15,133",46.2%,50.9%,2.9%,-4.6%,-20.4%,15.8%,"497,119",101.5%,x
Michigan,MI-7,MI,-,7,R+7,Tim Walberg,R,"136,330","158,730",0,"295,060",FALSE,TRUE,"22,400","-22,400","8,852",46.2%,53.8%,0.0%,-7.6%,-17.0%,9.4%,"340,831",86.6%,x
California,CA-4,CA,-,4,R+10,Tom McClintock,R,"156,253","184,401",0,"340,654",FALSE,TRUE,"28,148","-28,148","10,220",45.9%,54.1%,0.0%,-8.3%,-14.5%,6.2%,"360,284",94.6%,x
Arkansas,AR-2,AR,-,2,R+7,French Hill,R,"116,135","132,125","5,193","253,453",FALSE,TRUE,"21,183","-10,797","7,604",45.8%,52.1%,2.0%,-6.3%,-10.7%,4.4%,"306,974",82.6%,x
North Carolina,NC-2,NC,-,2,R+7,George Holding,R,"151,977","170,072","9,655","331,704",FALSE,TRUE,"27,750","-8,440","9,951",45.8%,51.3%,2.9%,-5.5%,-11.5%,6.0%,"397,196",83.5%,x
New York,NY-23,NY,-,23,R+6,Tom Reed,R,"109,932","130,323",0,"240,255",FALSE,TRUE,"20,391","-20,391","7,208",45.8%,54.2%,0.0%,-8.5%,-14.7%,6.2%,"293,287",81.9%,x
Florida,FL-18,FL,-,18,R+5,Brian Mast,R,"156,454","185,905",0,"342,359",FALSE,TRUE,"29,451","-29,451","10,271",45.7%,54.3%,0.0%,-8.6%,-9.2%,0.6%,"382,476",89.5%,x
Michigan,MI-6,MI,-,6,R+4,Fred Upton,R,"134,082","147,436","11,920","293,438",FALSE,TRUE,"25,274","-1,434","8,803",45.7%,50.2%,4.1%,-4.6%,-8.4%,3.8%,"332,772",88.2%,x
Texas,TX-2,TX,-,2,R+11,Dan Crenshaw,R,"119,992","139,188","4,212","263,392",FALSE,TRUE,"23,408","-14,984","7,902",45.6%,52.8%,1.6%,-7.3%,-9.2%,1.9%,"279,891",94.1%,x
North Carolina,NC-13,NC,-,13,R+6,Ted Budd,R,"130,402","147,570","8,344","286,316",FALSE,TRUE,"25,512","-8,824","8,589",45.5%,51.5%,2.9%,-6.0%,-9.2%,3.2%,"368,114",77.8%,x
Texas,TX-6,TX,-,6,R+9,Ron Wright,R,"116,350","135,961","3,731","256,042",FALSE,TRUE,"23,342","-15,880","7,681",45.4%,53.1%,1.5%,-7.7%,-12.2%,4.5%,"276,953",92.4%,x
Florida,FL-16,FL,-,16,R+7,Vern Buchanan,R,"164,463","197,483",0,"361,946",FALSE,TRUE,"33,020","-33,020","10,858",45.4%,54.6%,0.0%,-9.1%,-10.8%,1.7%,"396,807",91.2%,x
Illinois,IL-12,IL,-,12,R+5,Mike Bost,R,"118,724","134,884","7,935","261,543",FALSE,TRUE,"24,095","-8,225","7,846",45.4%,51.6%,3.0%,-6.2%,-14.8%,8.6%,"316,371",82.7%,x
Washington,WA-5,WA,-,5,R+8,Cathy McMorris Rodgers,R,"144,925","175,422",0,"320,347",FALSE,TRUE,"30,497","-30,497","9,610",45.2%,54.8%,0.0%,-9.5%,-13.0%,3.5%,"319,560",100.2%,x
Minnesota,MN-8,MN,-,8,R+4,Pete Stauber,R,"141,950","159,364","12,897","314,211",FALSE,TRUE,"30,311","-4,517","9,426",45.2%,50.7%,4.1%,-5.5%,-15.5%,10.0%,"362,341",86.7%,x
Indiana,IN-2,IN,-,2,R+11,Jackie Walorski,R,"103,363","125,499",27,"228,889",FALSE,TRUE,"22,163","-22,109","6,867",45.2%,54.8%,0.0%,-9.7%,-23.0%,13.3%,"277,734",82.4%,x
California,CA-1,CA,-,1,R+11,Doug LaMalfa,R,"131,548","160,046",0,"291,594",FALSE,TRUE,"28,498","-28,498","8,748",45.1%,54.9%,0.0%,-9.8%,-19.4%,9.6%,"318,397",91.6%,x
Arizona,AZ-6,AZ,-,6,R+9,David Schweikert,R,"140,559","173,140",0,"313,699",FALSE,TRUE,"32,581","-32,581","9,411",44.8%,55.2%,0.0%,-10.4%,-9.8%,-0.6%,"343,997",91.2%,x
Texas,TX-25,TX,-,25,R+11,Roger Williams,R,"136,385","163,023","5,145","304,553",FALSE,TRUE,"31,783","-21,493","9,137",44.8%,53.5%,1.7%,-8.7%,-14.7%,6.0%,"315,361",96.6%,x
Ohio,OH-14,OH,-,14,R+5,David Joyce,R,"137,549","169,809",0,"307,358",FALSE,TRUE,"32,260","-32,260","9,221",44.8%,55.2%,0.0%,-10.5%,-11.4%,0.9%,"370,746",82.9%,x
Virginia,VA-1,VA,-,1,R+8,Rob Wittman,R,"148,464","183,250",387,"332,101",FALSE,TRUE,"35,173","-34,399","9,963",44.7%,55.2%,0.1%,-10.5%,-12.4%,1.9%,"395,784",83.9%,x
North Carolina,NC-8,NC,-,8,R+8,Richard Hudson,R,"114,119","141,402",0,"255,521",FALSE,TRUE,"27,283","-27,283","7,666",44.7%,55.3%,0.0%,-10.7%,-14.8%,4.1%,"334,724",76.3%,x
Arizona,AZ-8,AZ,-,8,R+13,Debbie Lesko,R,"135,569","168,835",13,"304,417",FALSE,TRUE,"33,279","-33,253","9,133",44.5%,55.5%,0.0%,-10.9%,-20.8%,9.9%,"332,767",91.5%,x
Wisconsin,WI-6,WI,-,6,R+8,Glenn Grothman,R,"144,536","180,311",0,"324,847",FALSE,TRUE,"35,775","-35,775","9,745",44.5%,55.5%,0.0%,-11.0%,-16.6%,5.6%,"371,109",87.5%,x
Texas,TX-3,TX,-,3,R+13,Van Taylor,R,"138,234","169,520","4,757","312,511",FALSE,TRUE,"36,043","-26,529","9,375",44.2%,54.2%,1.5%,-10.0%,-13.9%,3.9%,"324,304",96.4%,x
Florida,FL-6,FL,-,6,R+7,Michael Waltz,R,"145,758","187,891",0,"333,649",FALSE,TRUE,"42,133","-42,133","10,009",43.7%,56.3%,0.0%,-12.6%,-17.0%,4.4%,"379,798",87.8%,x
Michigan,MI-1,MI,-,1,R+9,Jack Bergman,R,"145,246","187,251",0,"332,497",FALSE,TRUE,"42,005","-42,005","9,975",43.7%,56.3%,0.0%,-12.6%,-21.3%,8.7%,"364,608",91.2%,x
West Virginia,WV-3,WV,-,3,R+23,Carol Miller,R,"76,340","98,645",0,"174,985",FALSE,TRUE,"22,305","-22,305","5,250",43.6%,56.4%,0.0%,-12.7%,-49.3%,36.6%,"218,890",79.9%,x
Colorado,CO-3,CO,-,3,R+6,Scott Tipton,R,"146,426","173,205","16,570","336,201",FALSE,TRUE,"43,349","-10,209","10,086",43.6%,51.5%,4.9%,-8.0%,-11.9%,3.9%,"377,176",89.1%,x
Indiana,IN-9,IN,-,9,R+13,Trey Hollingsworth,R,"118,090","153,271",0,"271,361",FALSE,TRUE,"35,181","-35,181","8,141",43.5%,56.5%,0.0%,-13.0%,-26.8%,13.8%,"326,098",83.2%,x
California,CA-42,CA,-,42,R+9,Ken Calvert,R,"100,892","131,040",0,"231,932",FALSE,TRUE,"30,148","-30,148","6,958",43.5%,56.5%,0.0%,-13.0%,-12.0%,-1.0%,"268,305",86.4%,x
North Carolina,NC-6,NC,-,6,R+9,Mark Walker,R,"123,651","160,709",0,"284,360",FALSE,TRUE,"37,058","-37,058","8,531",43.5%,56.5%,0.0%,-13.0%,-14.6%,1.6%,"362,448",78.5%,x
Ohio,OH-16,OH,-,16,R+8,Anthony Gonzalez,R,"129,681","170,029",0,"299,710",FALSE,TRUE,"40,348","-40,348","8,991",43.3%,56.7%,0.0%,-13.5%,-16.6%,3.1%,"369,434",81.1%,x
Indiana,IN-5,IN,-,5,R+9,Susan Brooks,R,"137,142","180,035",0,"317,177",FALSE,TRUE,"42,893","-42,893","9,515",43.2%,56.8%,0.0%,-13.5%,-11.7%,-1.8%,"366,635",86.5%,x
Michigan,MI-3,MI,-,3,R+6,Justin Amash,R,"134,185","169,107","7,448","310,740",FALSE,TRUE,"42,370","-27,474","9,322",43.2%,54.4%,2.4%,-11.2%,-9.4%,-1.8%,"349,707",88.9%,x
New Jersey,NJ-4,NJ,-,4,R+8,Chris Smith,R,"126,766","163,065","4,517","294,348",FALSE,TRUE,"40,816","-31,782","8,830",43.1%,55.4%,1.5%,-12.3%,-14.8%,2.5%,"356,593",82.5%,x
West Virginia,WV-2,WV,-,2,R+17,Alex Mooney,R,"88,011","110,504","6,277","204,792",FALSE,TRUE,"28,770","-16,216","6,144",43.0%,54.0%,3.1%,-11.0%,-36.4%,25.4%,"250,267",81.8%,x
Michigan,MI-2,MI,-,2,R+9,Bill Huizenga,R,"131,254","168,970","5,239","305,463",FALSE,TRUE,"42,955","-32,477","9,164",43.0%,55.3%,1.7%,-12.3%,-17.3%,5.0%,"350,571",87.1%,x
North Carolina,NC-5,NC,-,5,R+10,Virginia Foxx,R,"120,468","159,917",0,"280,385",FALSE,TRUE,"39,449","-39,449","8,412",43.0%,57.0%,0.0%,-14.1%,-17.3%,3.2%,"362,862",77.3%,x
North Carolina,NC-7,NC,-,7,R+9,David Rouzer,R,"120,838","156,809","4,665","282,312",FALSE,TRUE,"40,636","-31,306","8,469",42.8%,55.5%,1.7%,-12.7%,-17.7%,5.0%,"361,079",78.2%,x
South Carolina,SC-2,SC,-,2,R+12,Joe Wilson,R,"109,199","144,642","3,298","257,139",FALSE,TRUE,"38,741","-32,145","7,714",42.5%,56.3%,1.3%,-13.8%,-18.6%,4.8%,"311,355",82.6%,x
New York,NY-21,NY,-,21,R+4,Elise Stefanik,R,"99,791","131,981","3,437","235,209",FALSE,TRUE,"35,627","-28,753","7,056",42.4%,56.1%,1.5%,-13.7%,-13.7%,0.0%,"283,447",83.0%,x
Florida,FL-3,FL,-,3,R+9,Ted Yoho,R,"129,880","176,616",0,"306,496",FALSE,TRUE,"46,736","-46,736","9,195",42.4%,57.6%,0.0%,-15.2%,-16.0%,0.8%,"351,688",87.1%,x
Wisconsin,WI-1,WI,-,1,R+5,Bryan Steil ,R,"137,508","177,492","10,013","325,013",FALSE,TRUE,"49,997","-29,971","9,750",42.3%,54.6%,3.1%,-12.3%,-10.3%,-2.0%,"359,815",90.3%,x
Georgia,GA-1,GA,-,1,R+9,Buddy Carter,R,"105,942","144,741",0,"250,683",FALSE,TRUE,"38,799","-38,799","7,520",42.3%,57.7%,0.0%,-15.5%,-15.5%,0.0%,"269,568",93.0%,x
Ohio,OH-10,OH,-,10,R+4,Mike Turner,R,"118,785","157,554","5,387","281,726",FALSE,TRUE,"44,156","-33,382","8,452",42.2%,55.9%,1.9%,-13.8%,-7.2%,-6.6%,"350,299",80.4%,x
Pennsylvania,PA-14,PA,-,14,R+14,Guy Reschenthaler,R,"110,051","151,386",0,"261,437",FALSE,TRUE,"41,335","-41,335","7,843",42.1%,57.9%,0.0%,-15.8%,-29.0%,13.2%,"333,028",78.5%,x
Nevada,NV-2,NV,-,2,R+7,Mark Amodei,R,"120,102","167,435",0,"287,537",FALSE,TRUE,"47,333","-47,333","8,626",41.8%,58.2%,0.0%,-16.5%,-12.4%,-4.1%,"326,011",88.2%,x
South Carolina,SC-5,SC,-,5,R+9,Ralph Norman,R,"103,129","141,757","3,693","248,579",FALSE,TRUE,"42,321","-34,935","7,457",41.5%,57.0%,1.5%,-15.5%,-18.5%,3.0%,"306,561",81.1%,x
Texas,TX-17,TX,-,17,R+12,Bill Flores,R,"98,070","134,841","4,440","237,351",FALSE,TRUE,"41,211","-32,331","7,121",41.3%,56.8%,1.9%,-15.5%,-17.3%,1.8%,"250,189",94.9%,x
Ohio,OH-7,OH,-,7,R+12,Bob Gibbs,R,"107,536","153,117",0,"260,653",FALSE,TRUE,"45,581","-45,581","7,820",41.3%,58.7%,0.0%,-17.5%,-29.6%,12.1%,"329,676",79.1%,x
Ohio,OH-2,OH,-,2,R+9,Brad Wenstrup,R,"119,333","166,714","3,614","289,661",FALSE,TRUE,"50,995","-43,767","8,690",41.2%,57.6%,1.2%,-16.4%,-16.0%,-0.4%,"355,991",81.4%,x
Pennsylvania,PA-11,PA,-,11,R+14,Lloyd Smucker,R,"113,876","163,708",0,"277,584",FALSE,TRUE,"49,832","-49,832","8,328",41.0%,59.0%,0.0%,-18.0%,-25.8%,7.8%,"332,899",83.4%,x
Illinois,IL-16,IL,-,16,R+8,Adam Kinzinger,R,"104,569","151,254",2,"255,825",FALSE,TRUE,"46,687","-46,683","7,675",40.9%,59.1%,0.0%,-18.2%,-17.1%,-1.1%,"318,212",80.4%,x
North Carolina,NC-10,NC,-,10,R+12,Patrick McHenry,R,"113,259","164,969",0,"278,228",FALSE,TRUE,"51,710","-51,710","8,347",40.7%,59.3%,0.0%,-18.6%,-24.0%,5.4%,"361,149",77.0%,x
Oklahoma,OK-1,OK,-,1,R+17,Kevin Hern,R,"103,042","150,129",0,"253,171",FALSE,TRUE,"47,087","-47,087","7,595",40.7%,59.3%,0.0%,-18.6%,-28.8%,10.2%,"311,506",81.3%,x
Arizona,AZ-5,AZ,-,5,R+15,Andy Biggs,R,"127,027","186,037",0,"313,064",FALSE,TRUE,"59,010","-59,010","9,392",40.6%,59.4%,0.0%,-18.8%,-20.5%,1.7%,"341,437",91.7%,x
Kansas,KS-4,KS,-,4,R+15,Ron Estes,R,"98,445","144,248",0,"242,693",FALSE,TRUE,"45,803","-45,803","7,281",40.6%,59.4%,0.0%,-18.9%,-27.0%,8.1%,"276,300",87.8%,x
Georgia,GA-12,GA,-,12,R+9,Rick Allen,R,"101,503","148,986",3,"250,492",FALSE,TRUE,"47,486","-47,480","7,515",40.5%,59.5%,0.0%,-19.0%,-16.2%,-2.8%,"267,675",93.6%,x
South Carolina,SC-7,SC,-,7,R+9,Tom Rice,R,"96,564","142,681",309,"239,554",FALSE,TRUE,"46,426","-45,808","7,187",40.3%,59.6%,0.1%,-19.3%,-18.7%,-0.6%,"299,421",80.0%,x
Pennsylvania,PA-9,PA,-,9,R+14,Dan Meuser,R,"100,204","148,723",0,"248,927",FALSE,TRUE,"48,519","-48,519","7,468",40.3%,59.7%,0.0%,-19.5%,-34.0%,14.5%,"315,463",78.9%,x
Virginia,VA-6,VA,-,6,R+13,Ben Cline,R,"113,133","167,957",287,"281,377",FALSE,TRUE,"55,111","-54,537","8,441",40.2%,59.7%,0.1%,-19.5%,-24.6%,5.1%,"347,830",80.9%,x
Ohio,OH-15,OH,-,15,R+7,Steve Stivers,R,"116,112","170,593","5,738","292,443",FALSE,TRUE,"60,219","-48,743","8,773",39.7%,58.3%,2.0%,-18.6%,-15.6%,-3.0%,"356,990",81.9%,x
Florida,FL-12,FL,-,12,R+8,Gus Bilirakis,R,"132,844","194,564","7,510","334,918",FALSE,TRUE,"69,230","-54,210","10,048",39.7%,58.1%,2.2%,-18.4%,-18.6%,0.2%,"380,363",88.1%,x
Nebraska,NE-1,NE,-,1,R+11,Jeff Fortenberry,R,"93,069","141,712",0,"234,781",FALSE,TRUE,"48,643","-48,643","7,043",39.6%,60.4%,0.0%,-20.7%,-20.7%,0.0%,"282,363",83.1%,x
Florida,FL-25,FL,-,25,R+4,Mario Diaz-Balart,R,"84,173","128,672",0,"212,845",FALSE,TRUE,"44,499","-44,499","6,385",39.5%,60.5%,0.0%,-20.9%,-1.9%,-19.0%,"263,235",80.9%,x
Florida,FL-8,FL,-,8,R+11,Bill Posey,R,"142,415","218,112",0,"360,527",FALSE,TRUE,"75,697","-75,697","10,816",39.5%,60.5%,0.0%,-21.0%,-20.7%,-0.3%,"401,911",89.7%,x
Oregon,OR-2,OR,-,2,R+11,Greg Walden,R,"145,298","207,597","15,814","368,709",FALSE,TRUE,"78,113","-46,485","11,061",39.4%,56.3%,4.3%,-16.9%,-19.4%,2.5%,"394,121",93.6%,x
Colorado,CO-4,CO,-,4,R+13,Ken Buck,R,"145,544","224,038",39,"369,621",FALSE,TRUE,"78,533","-78,455","11,089",39.4%,60.6%,0.0%,-21.2%,-23.2%,2.0%,"402,203",91.9%,x
Idaho,ID-2,ID,-,2,R+17,Mike Simpson,R,"110,381","170,274",0,"280,655",FALSE,TRUE,"59,893","-59,893","8,420",39.3%,60.7%,0.0%,-21.3%,-24.7%,3.4%,"330,594",84.9%,x
Texas,TX-14,TX,-,14,R+12,Randy Weber,R,"92,212","138,942","3,374","234,528",FALSE,TRUE,"50,104","-43,356","7,036",39.3%,59.2%,1.4%,-19.9%,-19.7%,-0.2%,"264,338",88.7%,x
Colorado,CO-5,CO,-,5,R+14,Doug Lamborn,R,"126,848","184,002","11,866","322,716",FALSE,TRUE,"69,020","-45,288","9,681",39.3%,57.0%,3.7%,-17.7%,-23.9%,6.2%,"371,829",86.8%,x
Texas,TX-26,TX,-,26,R+18,Michael Burgess,R,"121,938","185,551","5,016","312,505",FALSE,TRUE,"68,629","-58,597","9,375",39.0%,59.4%,1.6%,-20.4%,-26.2%,5.8%,"322,035",97.0%,x
Utah,UT-2,UT,-,2,R+16,Chris Stewart,R,"105,051","151,489","13,504","270,044",FALSE,TRUE,"59,942","-32,934","8,101",38.9%,56.1%,5.0%,-17.2%,-14.0%,-3.2%,"283,693",95.2%,x
Alabama,AL-5,AL,-,5,R+18,Mo Brooks,R,"101,388","159,063",222,"260,673",FALSE,TRUE,"57,897","-57,453","7,820",38.9%,61.0%,0.1%,-22.1%,-32.9%,10.8%,"314,679",82.8%,x
North Carolina,NC-11,NC,-,11,R+14,Mark Meadows,R,"116,508","178,012","6,146","300,666",FALSE,TRUE,"67,650","-55,358","9,020",38.7%,59.2%,2.0%,-20.5%,-29.1%,8.6%,"368,712",81.5%,x
Minnesota,MN-6,MN,-,6,R+12,Tom Emmer,R,"122,332","192,931",463,"315,726",FALSE,TRUE,"71,062","-70,136","9,472",38.7%,61.1%,0.1%,-22.4%,-25.5%,3.1%,"373,920",84.4%,x
Wisconsin,WI-7,WI,-,7,R+8,Sean Duffy,R,"124,307","194,061","4,419","322,787",FALSE,TRUE,"74,173","-65,335","9,684",38.5%,60.1%,1.4%,-21.6%,-20.3%,-1.3%,"373,201",86.5%,x
Alabama,AL-2,AL,-,2,R+16,Martha Roby,R,"86,931","138,879",420,"226,230",FALSE,TRUE,"52,368","-51,528","6,787",38.4%,61.4%,0.2%,-23.0%,-31.7%,8.7%,"287,564",78.7%,x
Georgia,GA-11,GA,-,11,R+17,Barry Loudermilk,R,"118,653","191,887",0,"310,540",FALSE,TRUE,"73,234","-73,234","9,316",38.2%,61.8%,0.0%,-23.6%,-25.1%,1.5%,"329,312",94.3%,x
Maryland,MD-1,MD,-,1,R+14,Andy Harris,R,"116,631","183,662","5,893","306,186",FALSE,TRUE,"72,924","-61,138","9,186",38.1%,60.0%,1.9%,-21.9%,-25.1%,3.2%,"367,987",83.2%,x
Wisconsin,WI-5,WI,-,5,R+13,Jim Sensenbrenner,R,"138,385","225,619",1,"364,005",FALSE,TRUE,"87,235","-87,233","10,920",38.0%,62.0%,0.0%,-24.0%,-19.8%,-4.2%,"405,647",89.7%,x
Florida,FL-17,FL,-,17,R+13,Greg Steube,R,"117,194","193,326",0,"310,520",FALSE,TRUE,"76,132","-76,132","9,316",37.7%,62.3%,0.0%,-24.5%,-27.2%,2.7%,"353,861",87.8%,x
Florida,FL-19,FL,-,19,R+13,Francis Rooney,R,"128,106","211,465",36,"339,607",FALSE,TRUE,"83,395","-83,323","10,188",37.7%,62.3%,0.0%,-24.5%,-22.1%,-2.4%,"381,184",89.1%,x
Texas,TX-5,TX,-,5,R+16,Lance Gooden,R,"78,666","130,617",224,"209,507",FALSE,TRUE,"52,175","-51,727","6,285",37.5%,62.3%,0.1%,-24.8%,-28.3%,3.5%,"233,340",89.8%,x
Michigan,MI-4,MI,-,4,R+10,John Moolenaar,R,"106,540","178,510",0,"285,050",FALSE,TRUE,"71,970","-71,970","8,552",37.4%,62.6%,0.0%,-25.2%,-24.8%,-0.4%,"328,832",86.7%,x
Washington,WA-4,WA,-,4,R+13,Dan Newhouse,R,"83,785","141,551",0,"225,336",FALSE,TRUE,"57,766","-57,766","6,760",37.2%,62.8%,0.0%,-25.6%,-22.9%,-2.7%,"242,666",92.9%,x
Georgia,GA-10,GA,-,10,R+15,Jody Hice,R,"112,339","190,396",0,"302,735",FALSE,TRUE,"78,057","-78,057","9,082",37.1%,62.9%,0.0%,-25.8%,-25.5%,-0.3%,"315,073",96.1%,x
Alabama,AL-1,AL,-,1,R+15,Bradley Byrne,R,"89,226","153,228",163,"242,617",FALSE,TRUE,"64,165","-63,839","7,279",36.8%,63.2%,0.1%,-26.4%,-29.2%,2.8%,"305,780",79.3%,x
Mississippi,MS-3,MS,-,3,R+13,Michael Guest,R,"94,461","160,284","2,526","257,271",FALSE,TRUE,"68,349","-63,297","7,718",36.7%,62.3%,1.0%,-25.6%,-24.5%,-1.1%,"323,862",79.4%,x
Texas,TX-27,TX,-,27,R+13,Michael Cloud,R,"75,929","125,118","6,374","207,421",FALSE,TRUE,"55,563","-42,815","6,223",36.6%,60.3%,3.1%,-23.7%,-23.4%,-0.3%,"235,405",88.1%,x
South Carolina,SC-4,SC,-,4,R+15,William Timmons,R,"89,182","145,321","9,447","243,950",FALSE,TRUE,"65,586","-46,692","7,319",36.6%,59.6%,3.9%,-23.0%,-25.6%,2.6%,"303,659",80.3%,x
Wisconsin,WI-8,WI,-,8,R+7,Mike Gallagher,R,"119,265","209,410",0,"328,675",FALSE,TRUE,"90,145","-90,145","9,860",36.3%,63.7%,0.0%,-27.4%,-17.4%,-10.0%,"372,434",88.3%,x
California,CA-23,CA,-,23,R+14,Kevin McCarthy,R,"74,661","131,113",0,"205,774",FALSE,TRUE,"56,452","-56,452","6,173",36.3%,63.7%,0.0%,-27.4%,-21.9%,-5.5%,"246,632",83.4%,x
Alabama,AL-3,AL,-,3,R+16,Mike Rogers,R,"83,996","147,770",149,"231,915",FALSE,TRUE,"63,923","-63,625","6,957",36.2%,63.7%,0.1%,-27.5%,-33.0%,5.5%,"291,243",79.6%,x
South Dakota,SD-AL,SD,-,AL,R+14,Dusty Johnson,R,"121,033","202,695","12,237","335,965",FALSE,TRUE,"93,899","-69,425","10,079",36.0%,60.3%,3.6%,-24.3%,-29.8%,5.5%,"370,093",90.8%,x
Indiana,IN-4,IN,-,4,R+17,Jim Baird,R,"87,824","156,539",0,"244,363",FALSE,TRUE,"68,715","-68,715","7,331",35.9%,64.1%,0.0%,-28.1%,-33.9%,5.8%,"304,049",80.4%,x
North Dakota,ND-AL,ND,-,AL,R+16,Kelly Armstrong,R,"114,377","193,568","13,587","321,532",FALSE,TRUE,"92,778","-65,604","9,646",35.6%,60.2%,4.2%,-24.6%,-35.7%,11.1%,"344,360",93.4%,x
Indiana,IN-8,IN,-,8,R+15,Larry Bucshon,R,"86,895","157,396",0,"244,291",FALSE,TRUE,"70,501","-70,501","7,329",35.6%,64.4%,0.0%,-28.9%,-33.6%,4.7%,"301,334",81.1%,x
West Virginia,WV-1,WV,-,1,R+19,David McKinley,R,"70,217","127,997",0,"198,214",FALSE,TRUE,"57,780","-57,780","5,946",35.4%,64.6%,0.0%,-29.2%,-41.6%,12.4%,"243,894",81.3%,x
Indiana,IN-3,IN,-,3,R+18,Jim Banks,R,"86,610","158,927",0,"245,537",FALSE,TRUE,"72,317","-72,317","7,366",35.3%,64.7%,0.0%,-29.5%,-34.8%,5.3%,"292,911",83.8%,x
Ohio,OH-5,OH,-,5,R+11,Bob Latta,R,"99,655","176,569","7,393","283,617",FALSE,TRUE,"84,307","-69,521","8,509",35.1%,62.3%,2.6%,-27.1%,-24.9%,-2.2%,"361,856",78.4%,x
Michigan,MI-10,MI,-,10,R+13,Paul Mitchell,R,"106,061","182,808","14,195","303,064",FALSE,TRUE,"90,942","-62,552","9,092",35.0%,60.3%,4.7%,-25.3%,-32.2%,6.9%,"357,907",84.7%,x
Florida,FL-11,FL,-,11,R+15,Dan Webster,R,"128,053","239,395",58,"367,506",FALSE,TRUE,"111,400","-111,284","11,025",34.8%,65.1%,0.0%,-30.3%,-32.3%,2.0%,"411,005",89.4%,x
Virginia,VA-9,VA,-,9,R+19,Morgan Griffith,R,"85,833","160,933",214,"246,980",FALSE,TRUE,"75,314","-74,886","7,409",34.8%,65.2%,0.1%,-30.4%,-41.3%,10.9%,"318,350",77.6%,x
Ohio,OH-4,OH,-,4,R+14,Jim Jordan,R,"89,412","167,993",0,"257,405",FALSE,TRUE,"78,581","-78,581","7,722",34.7%,65.3%,0.0%,-30.5%,-33.4%,2.9%,"326,550",78.8%,x
Kentucky,KY-4,KY,-,4,R+18,Thomas Massie,R,"90,536","162,946","8,330","261,812",FALSE,TRUE,"80,740","-64,080","7,854",34.6%,62.2%,3.2%,-27.7%,-35.9%,8.2%,"337,433",77.6%,x
Tennessee,TN-3,TN,-,3,R+18,Chuck Fleischmann,R,"84,731","156,512","4,522","245,765",FALSE,TRUE,"76,303","-67,259","7,373",34.5%,63.7%,1.8%,-29.2%,-35.0%,5.8%,"278,072",88.4%,x
Georgia,GA-3,GA,-,3,R+18,Drew Ferguson,R,"101,010","191,996",0,"293,006",FALSE,TRUE,"90,986","-90,986","8,790",34.5%,65.5%,0.0%,-31.1%,-31.6%,0.5%,"311,864",94.0%,x
Pennsylvania,PA-12,PA,-,12,R+17,Tom Marino,R,"82,825","161,047",0,"243,872",FALSE,TRUE,"78,222","-78,222","7,316",34.0%,66.0%,0.0%,-32.1%,-36.5%,4.4%,"306,841",79.5%,x
Texas,TX-12,TX,-,12,R+18,Kay Granger,R,"90,994","172,557","4,940","268,491",FALSE,TRUE,"86,503","-76,623","8,055",33.9%,64.3%,1.8%,-30.4%,-30.0%,-0.4%,"285,007",94.2%,x
Louisiana,LA-4,LA,-,4,R+13,Mike Johnson,R,"72,934","139,326","4,612","216,872",FALSE,TRUE,"71,004","-61,780","6,506",33.6%,64.2%,2.1%,-30.6%,-24.0%,-6.6%,"318,392",68.1%,x
Tennessee,TN-4,TN,-,4,R+20,Scott DesJarlais,R,"78,065","147,323","7,063","232,451",FALSE,TRUE,"76,321","-62,195","6,974",33.6%,63.4%,3.0%,-29.8%,-40.9%,11.1%,"278,304",83.5%,x
Ohio,OH-8,OH,-,8,R+17,Warren Davidson,R,"87,281","173,852",0,"261,133",FALSE,TRUE,"86,571","-86,571","7,834",33.4%,66.6%,0.0%,-33.2%,-34.3%,1.1%,"345,230",75.6%,x
Tennessee,TN-2,TN,-,2,R+20,Tim Burchett,R,"86,668","172,856","2,609","262,133",FALSE,TRUE,"88,797","-83,579","7,864",33.1%,65.9%,1.0%,-32.9%,-35.2%,2.3%,"292,087",89.7%,x
Oklahoma,OK-4,OK,-,4,R+20,Tom Cole,R,"78,088","149,227","9,323","236,638",FALSE,TRUE,"80,462","-61,816","7,099",33.0%,63.1%,3.9%,-30.1%,-37.2%,7.1%,"295,464",80.1%,x
Florida,FL-1,FL,-,1,R+22,Matt Gaetz,R,"106,199","216,189",0,"322,388",FALSE,TRUE,"109,990","-109,990","9,672",32.9%,67.1%,0.0%,-34.1%,-39.3%,5.2%,"380,098",84.8%,x
Indiana,IN-6,IN,-,6,R+18,Greg Pence,R,"79,430","154,260","8,036","241,726",FALSE,TRUE,"82,866","-66,794","7,252",32.9%,63.8%,3.3%,-31.0%,-40.2%,9.2%,"302,405",100.4%,x
Missouri,MO-3,MO,-,3,R+18,Blaine Luetkemeyer,R,"106,589","211,243","6,776","324,608",FALSE,TRUE,"111,430","-97,878","9,738",32.8%,65.1%,2.1%,-32.2%,-39.0%,6.8%,"378,693",85.7%,x
Illinois,IL-18,IL,-,18,R+15,Darin LaHood,R,"95,486","195,927",0,"291,413",FALSE,TRUE,"100,441","-100,441","8,742",32.8%,67.2%,0.0%,-34.5%,-27.3%,-7.2%,"345,450",84.4%,x
Missouri,MO-4,MO,-,4,R+17,Vicky Hartzler,R,"95,968","190,138","7,210","293,316",FALSE,TRUE,"101,380","-86,960","8,799",32.7%,64.8%,2.5%,-32.1%,-35.8%,3.7%,"341,135",86.0%,x
Arkansas,AR-3,AR,-,3,R+19,Steve Womack,R,"74,952","148,717","6,039","229,708",FALSE,TRUE,"79,804","-67,726","6,891",32.6%,64.7%,2.6%,-32.1%,-31.4%,-0.7%,"292,163",78.6%,x
Florida,FL-2,FL,-,2,R+18,Neal Dunn,R,"96,233","199,335",0,"295,568",FALSE,TRUE,"103,102","-103,102","8,867",32.6%,67.4%,0.0%,-34.9%,-35.6%,0.7%,"354,956",83.3%,x
Mississippi,MS-1,MS,-,1,R+16,Trent Kelly,R,"76,601","158,245","1,675","236,521",FALSE,TRUE,"83,319","-79,969","7,096",32.4%,66.9%,0.7%,-34.5%,-33.0%,-1.5%,"310,621",76.1%,x
Florida,FL-4,FL,-,4,R+17,John Rutherford,R,"123,351","248,420","9,478","381,249",FALSE,TRUE,"134,547","-115,591","11,437",32.4%,65.2%,2.5%,-32.8%,-28.0%,-4.8%,"421,712",90.4%,x
Pennsylvania,PA-15,PA,-,15,R+20,Glenn Thompson,R,"78,327","165,245",0,"243,572",FALSE,TRUE,"86,918","-86,918","7,307",32.2%,67.8%,0.0%,-35.7%,-43.4%,7.7%,"308,943",78.8%,x
Tennessee,TN-7,TN,-,7,R+20,Mark Green,R,"81,661","170,071","2,652","254,384",FALSE,TRUE,"91,062","-85,758","7,632",32.1%,66.9%,1.0%,-34.8%,-39.0%,4.2%,"293,684",86.6%,x
Missouri,MO-6,MO,-,6,R+16,Sam Graves,R,"97,660","199,796","7,953","305,409",FALSE,TRUE,"110,089","-94,183","9,162",32.0%,65.4%,2.6%,-33.4%,-32.3%,-1.1%,"356,840",85.6%,x
Kansas,KS-1,KS,-,1,R+24,Roger Marshall,R,"71,558","153,082",0,"224,640",FALSE,TRUE,"81,524","-81,524","6,739",31.9%,68.1%,0.0%,-36.3%,-44.8%,8.5%,"265,883",84.5%,x
Kentucky,KY-1,KY,-,1,R+23,James Comer,R,"78,849","172,167",0,"251,016",FALSE,TRUE,"93,318","-93,318","7,530",31.4%,68.6%,0.0%,-37.2%,-48.5%,11.3%,"310,384",80.9%,x
Arkansas,AR-4,AR,-,4,R+17,Bruce Westerman,R,"63,984","136,740","4,168","204,892",FALSE,TRUE,"76,924","-68,588","6,147",31.2%,66.7%,2.0%,-35.5%,-32.8%,-2.7%,"270,782",75.7%,x
Kentucky,KY-2,KY,-,2,R+19,Brett Guthrie,R,"79,964","171,700","5,681","257,345",FALSE,TRUE,"97,417","-86,055","7,720",31.1%,66.7%,2.2%,-35.6%,-39.9%,4.3%,"324,647",79.3%,x
South Carolina,SC-3,SC,-,3,R+19,Jeff Duncan,R,"70,046","153,338","2,820","226,204",FALSE,TRUE,"86,112","-80,472","6,786",31.0%,67.8%,1.2%,-36.8%,-38.0%,1.2%,"283,968",79.7%,x
Alabama,AL-6,AL,-,6,R+26,Gary Palmer,R,"85,644","192,542",142,"278,328",FALSE,TRUE,"107,040","-106,756","8,350",30.8%,69.2%,0.1%,-38.4%,-43.8%,5.4%,"335,943",82.8%,x
Idaho,ID-1,ID,-,1,R+21,Russ Fulcher,R,"96,922","197,719","20,428","315,069",FALSE,TRUE,"121,225","-80,369","9,452",30.8%,62.8%,6.5%,-32.0%,-38.3%,6.3%,"359,661",87.6%,x
Ohio,OH-6,OH,-,6,R+16,Bill Johnson,R,"76,716","172,774",0,"249,490",FALSE,TRUE,"96,058","-96,058","7,485",30.7%,69.3%,0.0%,-38.5%,-42.3%,3.8%,"322,137",77.4%,x
Mississippi,MS-4,MS,-,4,R+21,Steven Palazzo,R,"68,787","152,633","2,312","223,732",FALSE,TRUE,"86,158","-81,534","6,712",30.7%,68.2%,1.0%,-37.5%,-41.1%,3.6%,"283,455",78.9%,x
Arizona,AZ-4,AZ,-,4,R+21,Paul Gosar,R,"84,521","188,842","3,672","277,035",FALSE,TRUE,"107,993","-100,649","8,311",30.5%,68.2%,1.3%,-37.7%,-39.4%,1.7%,"304,185",91.1%,x
Louisiana,LA-3,LA,-,3,R+20,Clay Higgins,R,"74,713","168,263","2,967","245,943",FALSE,TRUE,"96,517","-90,583","7,378",30.4%,68.4%,1.2%,-38.0%,-38.1%,0.1%,"343,017",71.7%,x
Oklahoma,OK-2,OK,-,2,R+24,Markwayne Mullin,R,"65,021","140,451","10,530","216,002",FALSE,TRUE,"85,960","-64,900","6,480",30.1%,65.0%,4.9%,-34.9%,-50.1%,15.2%,"271,844",79.5%,x
Tennessee,TN-8,TN,-,8,R+19,David Kustoff,R,"74,755","168,030","5,560","248,345",FALSE,TRUE,"98,835","-87,715","7,450",30.1%,67.7%,2.2%,-37.6%,-35.4%,-2.2%,"298,758",83.1%,x
Missouri,MO-7,MO,-,7,R+23,Billy Long,R,"89,190","196,343","10,922","296,455",FALSE,TRUE,"118,075","-96,231","8,894",30.1%,66.2%,3.7%,-36.1%,-45.5%,9.4%,"343,078",86.4%,x
Louisiana,LA-5,LA,-,5,R+15,Ralph Abraham,R,"67,118","149,018","7,810","223,946",FALSE,TRUE,"89,710","-74,090","6,718",30.0%,66.5%,3.5%,-36.6%,-29.4%,-7.2%,"323,222",69.3%,x
Wyoming,WY-AL,WY,-,AL,R+25,Liz Cheney,R,"59,903","127,963","13,379","201,245",FALSE,TRUE,"81,439","-54,681","6,037",29.8%,63.6%,6.6%,-33.8%,-46.3%,12.5%,"255,849",78.7%,x
Pennsylvania,PA-13,PA,-,13,R+22,John Joyce,R,"74,733","178,533",0,"253,266",FALSE,TRUE,"103,800","-103,800","7,598",29.5%,70.5%,0.0%,-41.0%,-45.5%,4.5%,"319,516",79.3%,x
Illinois,IL-15,IL,-,15,R+21,John Shimkus,R,"74,309","181,294",5,"255,608",FALSE,TRUE,"106,990","-106,980","7,668",29.1%,70.9%,0.0%,-41.9%,-46.2%,4.3%,"320,524",79.7%,x
Arkansas,AR-1,AR,-,1,R+17,Rick Crawford,R,"57,907","138,757","4,581","201,245",FALSE,TRUE,"85,431","-76,269","6,037",28.8%,68.9%,2.3%,-40.2%,-34.8%,-5.4%,"260,716",77.2%,x
Louisiana,LA-6,LA,-,6,R+19,Garret Graves,R,"76,716","186,553","5,256","268,525",FALSE,TRUE,"115,093","-104,581","8,056",28.6%,69.5%,2.0%,-40.9%,-34.1%,-6.8%,"353,229",76.0%,x
Tennessee,TN-6,TN,-,6,R+24,John Rose,R,"70,370","172,810","5,560","248,740",FALSE,TRUE,"108,000","-96,880","7,462",28.3%,69.5%,2.2%,-41.2%,-48.8%,7.6%,"299,210",83.1%,x
Texas,TX-36,TX,-,36,R+26,Brian Babin,R,"60,908","161,048",0,"221,956",FALSE,TRUE,"100,140","-100,140","6,659",27.4%,72.6%,0.0%,-45.1%,-46.5%,1.4%,"255,510",86.9%,x
Utah,UT-3,UT,-,3,R+25,John Curtis,R,"70,686","174,856","13,316","258,858",FALSE,TRUE,"117,486","-90,854","7,766",27.3%,67.5%,5.1%,-40.2%,-23.9%,-16.3%,"289,925",89.3%,x
Louisiana,LA-1,LA,-,1,R+24,Steve Scalise,R,"71,521","192,555","5,249","269,325",FALSE,TRUE,"126,283","-115,785","8,080",26.6%,71.5%,1.9%,-44.9%,-42.2%,-2.7%,"354,783",75.9%,x
Texas,TX-1,TX,-,1,R+25,Louie Gohmert,R,"61,263","168,165","3,292","232,720",FALSE,TRUE,"110,194","-103,610","6,982",26.3%,72.3%,1.4%,-45.9%,-46.6%,0.7%,"264,551",88.0%,x
Oklahoma,OK-3,OK,-,3,R+27,Frank Lucas,R,"61,152","172,913",0,"234,065",FALSE,TRUE,"111,761","-111,761","7,022",26.1%,73.9%,0.0%,-47.7%,-52.8%,5.1%,"293,417",79.8%,x
Missouri,MO-8,MO,-,8,R+24,Jason Smith,R,"66,151","194,042","4,206","264,399",FALSE,TRUE,"132,097","-123,685","7,932",25.0%,73.4%,1.6%,-48.4%,-54.2%,5.8%,"318,514",83.0%,x
Utah,UT-1,UT,-,1,R+26,Rob Bishop,R,"63,308","156,692","34,333","254,333",FALSE,TRUE,"127,717","-59,051","7,630",24.9%,61.6%,13.5%,-36.7%,-27.4%,-9.3%,"280,453",90.7%,x
Texas,TX-8,TX,-,8,R+28,Kevin Brady,R,"67,930","200,619","4,621","273,170",FALSE,TRUE,"137,310","-128,068","8,195",24.9%,73.4%,1.7%,-48.6%,-48.3%,-0.3%,"298,315",91.6%,x
Texas,TX-19,TX,-,19,R+27,Jodey Arrington,R,"50,039","151,946",0,"201,985",FALSE,TRUE,"101,907","-101,907","6,060",24.8%,75.2%,0.0%,-50.5%,-48.7%,-1.8%,"229,585",88.0%,x
Georgia,GA-14,GA,-,14,R+27,Tom Graves,R,"53,981","175,743",0,"229,724",FALSE,TRUE,"121,762","-121,762","6,892",23.5%,76.5%,0.0%,-53.0%,-52.9%,-0.1%,"255,872",89.8%,x
Nebraska,NE-3,NE,-,3,R+27,Adrian Smith,R,"49,654","163,650",0,"213,304",FALSE,TRUE,"113,996","-113,996","6,399",23.3%,76.7%,0.0%,-53.4%,-54.2%,0.8%,"270,185",78.9%,x
Texas,TX-4,TX,-,4,R+28,John Ratcliffe,R,"57,400","188,667","3,178","249,245",FALSE,TRUE,"134,445","-128,089","7,477",23.0%,75.7%,1.3%,-52.7%,-53.2%,0.5%,"281,123",88.7%,x
Kentucky,KY-5,KY,-,5,R+31,Hal Rogers,R,"45,890","172,093",34,"218,017",FALSE,TRUE,"126,237","-126,169","6,541",21.0%,78.9%,0.0%,-57.9%,-62.1%,4.2%,"278,451",78.3%,x
Tennessee,TN-1,TN,-,1,R+28,Phil Roe,R,"47,138","172,835","4,309","224,282",FALSE,TRUE,"130,006","-121,388","6,728",21.0%,77.1%,1.9%,-56.0%,-56.8%,0.8%,"266,419",84.2%,x
Georgia,GA-9,GA,-,9,R+31,Doug Collins,R,"57,912","224,661",5,"282,578",FALSE,TRUE,"166,754","-166,744","8,477",20.5%,79.5%,0.0%,-59.0%,-58.5%,-0.5%,"297,215",95.1%,x
Alabama,AL-4,AL,-,4,R+30,Robert Aderholt,R,"46,492","184,255",222,"230,969",FALSE,TRUE,"137,985","-137,541","6,929",20.1%,79.8%,0.1%,-59.6%,-62.5%,2.9%,"292,861",78.9%,x
Texas,TX-11,TX,-,11,R+32,Mike Conaway,R,"40,631","176,603","3,143","220,377",FALSE,TRUE,"139,115","-132,829","6,611",18.4%,80.1%,1.4%,-61.7%,-58.5%,-3.2%,"249,682",88.3%,x
Texas,TX-13,TX,-,13,R+33,Mac Thornberry,R,"35,083","169,027","3,175","207,285",FALSE,TRUE,"137,119","-130,769","6,219",16.9%,81.5%,1.5%,-64.6%,-62.8%,-1.8%,"239,860",86.4%,x
California,CA-8,CA,-,8,R+9,Paul Cook,R,0,"170,785",0,"170,785",FALSE,TRUE,"170,785","-170,785","5,124",0.0%,100.0%,0.0%,-100.0%,-15.1%,N/A,"232,930",73.3%,x
Georgia,GA-8,GA,-,8,R+15,Austin Scott,R,0,"198,152",564,"198,716",FALSE,TRUE,"198,716","-197,588","5,961",0.0%,99.7%,0.3%,-99.7%,-28.9%,N/A,"265,514",74.8%,x
North Carolina,NC-3,NC,-,3,R+12,Walter Jones,R,0,"187,901",0,"187,901",FALSE,TRUE,"187,901","-187,901","5,637",0.0%,100.0%,0.0%,-100.0%,-24.0%,N/A,"330,774",56.8%,x