State,,,CD#,2012 Cook PVI Score,Winner,Party,Dem Votes,GOP Votes,Other Votes,Dem %,GOP %,Other %,GOP Margin%,GOP Raw Margin,Final?,2016 Prez Winner
Alabama,AL,-,1,R+15,Bradley Byrne,R,0,"208,083","7,810",0.0%,96.4%,3.6%,96.4%,"208,083",x,Trump
Alabama,AL,-,2,R+17,Martha Roby,R,"112,089","134,886","29,609",40.5%,48.8%,10.7%,8.2%,"22,797",x,Trump
Alabama,AL,-,3,R+16,Mike Rogers,R,"94,549","192,164",391,32.9%,66.9%,0.1%,34.0%,"97,615",x,Trump
Alabama,AL,-,4,R+28,Robert Aderholt,R,0,"235,925","3,519",0.0%,98.5%,1.5%,98.5%,"235,925",x,Trump
Alabama,AL,-,5,R+17,Mo Brooks,R,"102,234","205,647",445,33.2%,66.7%,0.1%,33.5%,"103,413",x,Trump
Alabama,AL,-,6,R+28,Gary Palmer,R,"83,709","245,313",284,25.4%,74.5%,0.1%,49.1%,"161,604",x,Trump
Alabama,AL,-,7,D+20,Terri Sewell,D,"229,330",0,"3,698",98.4%,0.0%,1.6%,-98.4%,"-229,330",x,Clinton
Alaska,AK,-,AL,R+12,Don Young,R,"111,019","155,088","42,091",36.0%,50.3%,13.7%,14.3%,"44,069",x,Trump
Arizona,AZ,-,1,R+4,Tom O'Halleran,D,"142,219","121,745","16,746",50.7%,43.4%,6.0%,-7.3%,"-20,474",x,Trump
Arizona,AZ,-,2,R+3,Martha McSally,R,"135,873","179,806",0,43.0%,57.0%,0.0%,13.9%,"43,933",x,Clinton
Arizona,AZ,-,3,D+8,Raul Grijalva,D,"148,973",0,"20,162",88.1%,0.0%,11.9%,-88.1%,"-148,973",x,Clinton
Arizona,AZ,-,4,R+20,Paul Gosar,R,"81,296","203,487",0,28.5%,71.5%,0.0%,42.9%,"122,191",x,Trump
Arizona,AZ,-,5,R+17,Andy Biggs,R,"114,940","205,184",0,35.9%,64.1%,0.0%,28.2%,"90,244",x,Trump
Arizona,AZ,-,6,R+12,David Schweikert,R,"122,866","201,578",0,37.9%,62.1%,0.0%,24.3%,"78,712",x,Trump
Arizona,AZ,-,7,D+16,Ruben Gallego,D,"119,465","39,286",60,75.2%,24.7%,0.0%,-50.5%,"-80,179",x,Clinton
Arizona,AZ,-,8,R+15,Trent Franks,R,0,"204,942","94,029",0.0%,68.5%,31.5%,68.5%,"204,942",x,Trump
Arizona,AZ,-,9,R+1,Kyrsten Sinema,D,"169,055","108,350",102,60.9%,39.0%,0.0%,-21.9%,"-60,705",x,Clinton
Arkansas,AR,-,1,R+14,Rick Crawford,R,0,"183,866","57,181",0.0%,76.3%,23.7%,76.3%,"183,866",x,Trump
Arkansas,AR,-,2,R+8,French Hill,R,"111,347","176,472","14,645",36.8%,58.3%,4.8%,21.5%,"65,125",x,Trump
Arkansas,AR,-,3,R+19,Steve Womack,R,0,"217,192","63,715",0.0%,77.3%,22.7%,77.3%,"217,192",x,Trump
Arkansas,AR,-,4,R+15,Bruce Westerman,R,0,"182,885","61,274",0.0%,74.9%,25.1%,74.9%,"182,885",x,Trump
California,CA,-,1,R+10,Doug La Malfa,R,"128,588","185,448",0,40.9%,59.1%,0.0%,18.1%,"56,860",x,Trump
California,CA,-,2,D+20,Jared Huffman,D,"254,194","76,572",0,76.9%,23.1%,0.0%,-53.7%,"-177,622",x,Clinton
California,CA,-,3,D+3,John Garamendi,D,"152,513","104,453",0,59.4%,40.6%,0.0%,-18.7%,"-48,060",x,Clinton
California,CA,-,4,R+10,Tom McClintock,R,"130,845","220,133",0,37.3%,62.7%,0.0%,25.4%,"89,288",x,Trump
California,CA,-,5,D+19,Mike Thompson,D,"224,526","67,565",0,76.9%,23.1%,0.0%,-53.7%,"-156,961",x,Clinton
California,CA,-,6,D+18,Doris Matsui,D,"177,565","57,848",0,75.4%,24.6%,0.0%,-50.9%,"-119,717",x,Clinton
California,CA,-,7,EVEN,Ami Bera,D,"152,133","145,168",0,51.2%,48.8%,0.0%,-2.3%,"-6,965",x,Clinton
California,CA,-,8,R+10,Paul Cook,R,"83,035","136,972",0,37.7%,62.3%,0.0%,24.5%,"53,937",x,Trump
California,CA,-,9,D+6,Jerry McNerney,D,"133,163","98,992",0,57.4%,42.6%,0.0%,-14.7%,"-34,171",x,Clinton
California,CA,-,10,R+1,Jeff Denham,R,"116,470","124,671",0,48.3%,51.7%,0.0%,3.4%,"8,201",x,Clinton
California,CA,-,11,D+17,Mark DeSaulnier,D,"214,868","83,341",0,72.1%,27.9%,0.0%,-44.1%,"-131,527",x,Clinton
California,CA,-,12,D+34,Nancy Pelosi,D,"274,035",0,"64,810",80.9%,0.0%,19.1%,-80.9%,"-274,035",x,Clinton
California,CA,-,13,D+37,Barbara Lee,D,"293,117","29,754",0,90.8%,9.2%,0.0%,-81.6%,"-263,363",x,Clinton
California,CA,-,14,D+23,Jackie Speier,D,"231,630","54,817",0,80.9%,19.1%,0.0%,-61.7%,"-176,813",x,Clinton
California,CA,-,15,D+16,Eric Swalwell,D,"198,578","70,619",0,73.8%,26.2%,0.0%,-47.5%,"-127,959",x,Clinton
California,CA,-,16,D+7,Jim Costa,D,"97,473","70,483",0,58.0%,42.0%,0.0%,-16.1%,"-26,990",x,Clinton
California,CA,-,17,D+20,Ro Khanna,D,"233,192",0,0,100.0%,0.0%,0.0%,-100.0%,"-233,192",x,Clinton
California,CA,-,18,D+18,Anna Eshoo,D,"230,460","93,470",0,71.1%,28.9%,0.0%,-42.3%,"-136,990",x,Clinton
California,CA,-,19,D+19,Zoe Lofgren,D,"181,802","64,061",0,73.9%,26.1%,0.0%,-47.9%,"-117,741",x,Clinton
California,CA,-,20,D+21,Jimmy Panetta,D,"180,980","74,811",0,70.8%,29.2%,0.0%,-41.5%,"-106,169",x,Clinton
California,CA,-,21,D+2,David Valadao,R,"57,282","75,126",0,43.3%,56.7%,0.0%,13.5%,"17,844",x,Clinton
California,CA,-,22,R+10,Devin Nunes,R,"76,211","158,755",0,32.4%,67.6%,0.0%,35.1%,"82,544",x,Trump
California,CA,-,23,R+16,Kevin McCarthy,R,"74,468","167,116",0,30.8%,69.2%,0.0%,38.4%,"92,648",x,Trump
California,CA,-,24,D+4,Salud Carbajal,D,"166,034","144,780",0,53.4%,46.6%,0.0%,-6.8%,"-21,254",x,Clinton
California,CA,-,25,R+3,Steve Knight,R,"122,406","138,755",0,46.9%,53.1%,0.0%,6.3%,"16,349",x,Clinton
California,CA,-,26,D+4,Julia Brownley,D,"169,248","111,059",0,60.4%,39.6%,0.0%,-20.8%,"-58,189",x,Clinton
California,CA,-,27,D+11,Judy Chu,D,"168,977","81,655",0,67.4%,32.6%,0.0%,-34.8%,"-87,322",x,Clinton
California,CA,-,28,D+20,Adam Schiff,D,"210,883","59,526",0,78.0%,22.0%,0.0%,-56.0%,"-151,357",x,Clinton
California,CA,-,29,D+25,Tony Cardenas,D,"171,824",0,0,100.0%,0.0%,0.0%,-100.0%,"-171,824",x,Clinton
California,CA,-,30,D+14,Brad Sherman,D,"205,279","77,325",0,72.6%,27.4%,0.0%,-45.3%,"-127,954",x,Clinton
California,CA,-,31,D+5,Pete Aguilar,D,"121,070","94,866",0,56.1%,43.9%,0.0%,-12.1%,"-26,204",x,Clinton
California,CA,-,32,D+12,Grace Napolitano,D,"186,646",0,0,100.0%,0.0%,0.0%,-100.0%,"-186,646",x,Clinton
California,CA,-,33,D+11,Ted Lieu,D,"219,397","110,822",0,66.4%,33.6%,0.0%,-32.9%,"-108,575",x,Clinton
California,CA,-,34,D+30,Xavier Becerra,D,"159,156",0,0,100.0%,0.0%,0.0%,-100.0%,"-159,156",x,Clinton
California,CA,-,35,D+15,Norma Torres,D,"124,044","47,309",0,72.4%,27.6%,0.0%,-44.8%,"-76,735",x,Clinton
California,CA,-,36,R+1,Raul Ruiz,D,"144,348","88,269",0,62.1%,37.9%,0.0%,-24.1%,"-56,079",x,Clinton
California,CA,-,37,D+34,Karen Bass,D,"237,272",0,0,100.0%,0.0%,0.0%,-100.0%,"-237,272",x,Clinton
California,CA,-,38,D+12,Linda Sanchez,D,"163,590","68,524",0,70.5%,29.5%,0.0%,-41.0%,"-95,066",x,Clinton
California,CA,-,39,R+5,Ed Royce,R,"112,679","150,777",0,42.8%,57.2%,0.0%,14.5%,"38,098",x,Clinton
California,CA,-,40,D+29,Lucille Roybal-Allard,D,"106,554",0,"42,743",71.4%,0.0%,28.6%,-71.4%,"-106,554",x,Clinton
California,CA,-,41,D+9,Mark Takano,D,"128,164","69,159",0,65.0%,35.0%,0.0%,-29.9%,"-59,005",x,Clinton
California,CA,-,42,R+10,Ken Calvert,R,"104,689","149,547",0,41.2%,58.8%,0.0%,17.6%,"44,858",x,Trump
California,CA,-,43,D+26,Maxine Waters,D,"167,017","52,499",0,76.1%,23.9%,0.0%,-52.2%,"-114,518",x,Clinton
California,CA,-,44,D+32,Nanette Barragan,D,"178,413",0,0,100.0%,0.0%,0.0%,-100.0%,"-178,413",x,Clinton
California,CA,-,45,R+7,Mimi Walters,R,"129,231","182,618",0,41.4%,58.6%,0.0%,17.1%,"53,387",x,Clinton
California,CA,-,46,D+9,Lou Correa,D,"164,593",0,0,100.0%,0.0%,0.0%,-100.0%,"-164,593",x,Clinton
California,CA,-,47,D+8,Alan Lowenthal,D,"154,759","88,109",0,63.7%,36.3%,0.0%,-27.4%,"-66,650",x,Clinton
California,CA,-,48,R+7,Dana Rohrabacher,R,"127,715","178,701",0,41.7%,58.3%,0.0%,16.6%,"50,986",x,Clinton
California,CA,-,49,R+4,Darrell Issa,R,"154,267","155,888",0,49.7%,50.3%,0.0%,0.5%,"1,621",x,Clinton
California,CA,-,50,R+14,Duncan D. Hunter,R,"103,646","179,937",0,36.5%,63.5%,0.0%,26.9%,"76,291",x,Trump
California,CA,-,51,D+16,Juan Vargas,D,"145,162","54,362",0,72.8%,27.2%,0.0%,-45.5%,"-90,800",x,Clinton
California,CA,-,52,D+2,Scott Peters,D,"181,253","139,403",0,56.5%,43.5%,0.0%,-13.1%,"-41,850",x,Clinton
California,CA,-,53,D+10,Susan Davis,D,"198,988","97,968",0,67.0%,33.0%,0.0%,-34.0%,"-101,020",x,Clinton
Colorado,CO,-,1,D+18,Diana DeGette,D,"257,254","105,030","16,752",67.9%,27.7%,4.4%,-40.2%,"-152,224",x,Clinton
Colorado,CO,-,2,D+8,Jared Polis,D,"260,175","170,001","27,136",56.9%,37.2%,5.9%,-19.7%,"-90,174",x,Clinton
Colorado,CO,-,3,R+5,Scott Tipton,R,"150,914","204,220","18,903",40.3%,54.6%,5.1%,14.3%,"53,306",x,Trump
Colorado,CO,-,4,R+11,Ken Buck,R,"123,642","248,155","18,752",31.7%,63.5%,4.8%,31.9%,"124,513",x,Trump
Colorado,CO,-,5,R+13,Doug Lamborn,R,"111,676","225,445","24,872",30.9%,62.3%,6.9%,31.4%,"113,769",x,Trump
Colorado,CO,-,6,D+1,Mike Coffman,R,"160,372","191,626","24,419",42.6%,50.9%,6.5%,8.3%,"31,254",x,Clinton
Colorado,CO,-,7,D+5,Ed Perlmutter,D,"199,758","144,066","18,186",55.2%,39.8%,5.0%,-15.4%,"-55,692",x,Clinton
Connecticut,CT,-,1,D+13,John Larson,D,"200,686","105,674","6,565",64.1%,33.8%,2.1%,-30.4%,"-95,012",x,Clinton
Connecticut,CT,-,2,D+5,Joe Courtney,D,"208,818","111,149","10,290",63.2%,33.7%,3.1%,-29.6%,"-97,669",x,Clinton
Connecticut,CT,-,3,D+11,Rosa DeLauro,D,"213,572","95,786",21,69.0%,31.0%,0.0%,-38.1%,"-117,786",x,Clinton
Connecticut,CT,-,4,D+5,Jim Himes,D,"187,811","125,724",5,59.9%,40.1%,0.0%,-19.8%,"-62,087",x,Clinton
Connecticut,CT,-,5,D+3,Elizabeth Etsy,D,"179,252","129,801",29,58.0%,42.0%,0.0%,-16.0%,"-49,451",x,Clinton
Delaware,DE,-,AL,D+8,Lisa Blunt Rochester,D,"233,554","172,301","14,762",55.5%,41.0%,3.5%,-14.6%,"-61,253",x,Clinton
Florida,FL,-,1,R+21,Matt Gaetz,R,"114,079","255,107",0,30.9%,69.1%,0.0%,38.2%,"141,028",x,Trump
Florida,FL,-,2,R+18,Neal Dunn,R,"102,801","231,163","9,398",29.9%,67.3%,2.7%,37.4%,"128,362",x,Trump
Florida,FL,-,3,R+9,Ted Yoho,R,"136,338","193,843","12,519",39.8%,56.6%,3.7%,16.8%,"57,505",x,Trump
Florida,FL,-,4,R+19,John Rutherford,R,"113,088","287,509","9,065",27.6%,70.2%,2.2%,42.6%,"174,421",x,Trump
Florida,FL,-,5,D+12,Al Lawson,D,"194,549","108,325",0,64.2%,35.8%,0.0%,-28.5%,"-86,224",x,Clinton
Florida,FL,-,6,R+4,Ron DeSantis,R,"151,051","213,519",0,41.4%,58.6%,0.0%,17.1%,"62,468",x,Trump
Florida,FL,-,7,R+2,Stephanie Murphy,D,"182,039","171,583",33,51.5%,48.5%,0.0%,-3.0%,"-10,456",x,Clinton
Florida,FL,-,8,R+9,Bill Posey,R,"127,127","246,483","16,951",32.5%,63.1%,4.3%,30.6%,"119,356",x,Trump
Florida,FL,-,9,D+3,Darren Soto,D,"195,311","144,450",0,57.5%,42.5%,0.0%,-15.0%,"-50,861",x,Clinton
Florida,FL,-,10,D+9,Val Demings,D,"198,491","107,498",0,64.9%,35.1%,0.0%,-29.7%,"-90,993",x,Clinton
Florida,FL,-,11,R+11,Dan Webster,R,"124,713","258,016","11,990",31.6%,65.4%,3.0%,33.8%,"133,303",x,Trump
Florida,FL,-,12,R+6,Gus Bilirakis,R,"116,110","253,559",0,31.4%,68.6%,0.0%,37.2%,"137,449",x,Trump
Florida,FL,-,13,D+3,Charlie Crist,D,"184,693","171,149",0,51.9%,48.1%,0.0%,-3.8%,"-13,544",x,Clinton
Florida,FL,-,14,D+6,Kathy Castor,D,"195,789","121,088",0,61.8%,38.2%,0.0%,-23.6%,"-74,701",x,Clinton
Florida,FL,-,15,R+6,Dennis Ross,R,"135,475","182,999",0,42.5%,57.5%,0.0%,14.9%,"47,524",x,Trump
Florida,FL,-,16,R+6,Vern Buchanan,R,"155,262","230,654",0,40.2%,59.8%,0.0%,19.5%,"75,392",x,Trump
Florida,FL,-,17,R+10,Tom Rooney,R,"115,974","209,348","13,353",34.2%,61.8%,3.9%,27.6%,"93,374",x,Trump
Florida,FL,-,18,R+3,Brian Mast,R,"161,918","201,488","12,512",43.1%,53.6%,3.3%,10.5%,"39,570",x,Trump
Florida,FL,-,19,R+12,Francis Rooney,R,"123,812","239,225",129,34.1%,65.9%,0.0%,31.8%,"115,413",x,Trump
Florida,FL,-,20,D+30,Alcee Hastings,D,"222,914","54,646",0,80.3%,19.7%,0.0%,-60.6%,"-168,268",x,Clinton
Florida,FL,-,21,D+10,Lois Frankel,D,"210,606","118,038","7,217",62.7%,35.1%,2.1%,-27.6%,"-92,568",x,Clinton
Florida,FL,-,22,D+5,Ted Deutch,D,"199,113","138,737",0,58.9%,41.1%,0.0%,-17.9%,"-60,376",x,Clinton
Florida,FL,-,23,D+9,Debbie Wasserman Schultz,D,"183,225","130,818","9,077",56.7%,40.5%,2.8%,-16.2%,"-52,407",x,Clinton
Florida,FL,-,24,D+33,Frederica Wilson,D,0,0,0,100.0%,0.0%,0.0%,-100.0%,0,x,Clinton
Florida,FL,-,25,R+10,Mario Diaz-Balart,R,"95,319","157,921",0,37.6%,62.4%,0.0%,24.7%,"62,602",x,Trump
Florida,FL,-,26,EVEN,Carlos Curbelo,R,"115,493","148,547","16,502",41.2%,53.0%,5.9%,11.8%,"33,054",x,Clinton
Florida,FL,-,27,R+1,Ileana Ros-Lehtinen,R,"129,760","157,917",0,45.1%,54.9%,0.0%,9.8%,"28,157",x,Clinton
Georgia,GA,-,1,R+9,Buddy Carter,R,0,"210,243",0,0.0%,100.0%,0.0%,100.0%,"210,243",x,Trump
Georgia,GA,-,2,D+6,Sanford Bishop,D,"148,543","94,056",0,61.2%,38.8%,0.0%,-22.5%,"-54,487",x,Clinton
Georgia,GA,-,3,R+19,Drew Ferguson,R,"95,969","207,218",0,31.7%,68.3%,0.0%,36.7%,"111,249",x,Trump
Georgia,GA,-,4,D+21,Hank Johnson,D,"220,146","70,593",0,75.7%,24.3%,0.0%,-51.4%,"-149,553",x,Clinton
Georgia,GA,-,5,D+32,John Lewis,D,"253,781","46,768",0,84.4%,15.6%,0.0%,-68.9%,"-207,013",x,Clinton
Georgia,GA,-,6,R+14,Tom Price,R,"124,917","201,088",0,38.3%,61.7%,0.0%,23.4%,"76,171",x,Trump
Georgia,GA,-,7,R+14,Rob Woodall,R,"114,220","174,081",0,39.6%,60.4%,0.0%,20.8%,"59,861",x,Trump
Georgia,GA,-,8,R+15,Austin Scott,R,"83,225","173,983",0,32.4%,67.6%,0.0%,35.3%,"90,758",x,Trump
Georgia,GA,-,9,R+30,Doug Collins,R,0,"256,535",0,0.0%,100.0%,0.0%,100.0%,"256,535",x,Trump
Georgia,GA,-,10,R+14,Jody Hice,R,0,"243,725",0,0.0%,100.0%,0.0%,100.0%,"243,725",x,Trump
Georgia,GA,-,11,R+19,Barry Loudermilk,R,"105,383","217,935",0,32.6%,67.4%,0.0%,34.8%,"112,552",x,Trump
Georgia,GA,-,12,R+9,Rick Allen,R,"99,420","159,492",0,38.4%,61.6%,0.0%,23.2%,"60,072",x,Trump
Georgia,GA,-,13,D+16,David Scott,D,"252,833",0,0,100.0%,0.0%,0.0%,-100.0%,"-252,833",x,Clinton
Georgia,GA,-,14,R+26,Tom Graves,R,0,"216,743",0,0.0%,100.0%,0.0%,100.0%,"216,743",x,Trump
Hawaii,HI,-,1,D+18,Colleen Hanabusa,D,"145,417","45,958","10,982",71.9%,22.7%,5.4%,-49.2%,"-99,459",x,Clinton
Hawaii,HI,-,2,D+21,Tulsi Gabbard,D,"170,848","39,668",0,81.2%,18.8%,0.0%,-62.3%,"-131,180",x,Clinton
Idaho,ID,-,1,R+18,Raul Labrador,R,"113,052","242,252",53,31.8%,68.2%,0.0%,36.4%,"129,200",x,Trump
Idaho,ID,-,2,R+17,Mike Simpson,R,"95,940","205,292","25,005",29.4%,62.9%,7.7%,33.5%,"109,352",x,Trump
Illinois,IL,-,1,D+28,Bobby Rush,D,"234,037","81,817",8,74.1%,25.9%,0.0%,-48.2%,"-152,220",x,Clinton
Illinois,IL,-,2,D+29,Robin Kelly,D,"235,051","59,471",0,79.8%,20.2%,0.0%,-59.6%,"-175,580",x,Clinton
Illinois,IL,-,3,D+5,Dan Lipinski,D,"225,320",0,91,100.0%,0.0%,0.0%,-100.0%,"-225,320",x,Clinton
Illinois,IL,-,4,D+29,Luis Gutierrez,D,"171,297",0,0,100.0%,0.0%,0.0%,-100.0%,"-171,297",x,Clinton
Illinois,IL,-,5,D+16,Mike Quigley,D,"212,842","86,222","14,660",67.8%,27.5%,4.7%,-40.4%,"-126,620",x,Clinton
Illinois,IL,-,6,R+4,Peter Roskam,R,"143,591","208,555",0,40.8%,59.2%,0.0%,18.4%,"64,964",x,Clinton
Illinois,IL,-,7,D+36,Danny Davis,D,"250,584","46,882",0,84.2%,15.8%,0.0%,-68.5%,"-203,702",x,Clinton
Illinois,IL,-,8,D+8,Raja Krishnamoorthi,D,"144,954","103,617",0,58.3%,41.7%,0.0%,-16.6%,"-41,337",x,Clinton
Illinois,IL,-,9,D+15,Jan Schakowsky,D,"217,306","109,550",92,66.5%,33.5%,0.0%,-33.0%,"-107,756",x,Clinton
Illinois,IL,-,10,D+8,Brad Schneider,D,"150,435","135,535",26,52.6%,47.4%,0.0%,-5.2%,"-14,900",x,Clinton
Illinois,IL,-,11,D+8,Bill Foster,D,"166,578","108,995",0,60.4%,39.6%,0.0%,-20.9%,"-57,583",x,Clinton
Illinois,IL,-,12,EVEN,Mike Bost,R,"124,246","169,976","18,780",39.7%,54.3%,6.0%,14.6%,"45,730",x,Trump
Illinois,IL,-,13,EVEN,Rodney Davis,R,"126,811","187,583",0,40.3%,59.7%,0.0%,19.3%,"60,772",x,Trump
Illinois,IL,-,14,R+5,Randy Hultgren,R,"137,589","200,508",0,40.7%,59.3%,0.0%,18.6%,"62,919",x,Trump
Illinois,IL,-,15,R+14,John Shimkus,R,0,"274,554",0,0.0%,100.0%,0.0%,100.0%,"274,554",x,Trump
Illinois,IL,-,16,R+4,Adam Kinzinger,R,0,"259,722",131,0.0%,99.9%,0.1%,99.9%,"259,722",x,Trump
Illinois,IL,-,17,D+7,Cheri Bustos,D,"173,125","113,943",0,60.3%,39.7%,0.0%,-20.6%,"-59,182",x,Trump
Illinois,IL,-,18,R+11,Darin LaHood,R,"96,770","250,506",7,27.9%,72.1%,0.0%,44.3%,"153,736",x,Trump
Indiana,IN,-,1,D+10,Peter Visclosky,D,"207,515",0,"47,068",81.5%,0.0%,18.5%,-81.5%,"-207,515",x,Clinton
Indiana,IN,-,2,R+6,Jackie Walorski,R,"102,401","164,355","10,601",36.9%,59.3%,3.8%,22.3%,"61,954",x,Trump
Indiana,IN,-,3,R+13,Jim Banks,R,"66,023","201,396","19,828",23.0%,70.1%,6.9%,47.1%,"135,373",x,Trump
Indiana,IN,-,4,R+11,Todd Rokita,R,"91,256","193,412","14,766",30.5%,64.6%,4.9%,34.1%,"102,156",x,Trump
Indiana,IN,-,5,R+9,Susan Brooks,R,"123,849","221,957","15,329",34.3%,61.5%,4.2%,27.2%,"98,108",x,Trump
Indiana,IN,-,6,R+12,Luke Messer,R,"79,135","204,920","12,330",26.7%,69.1%,4.2%,42.4%,"125,785",x,Trump
Indiana,IN,-,7,D+13,Andre Carson,D,"158,739","94,456","11,475",60.0%,35.7%,4.3%,-24.3%,"-64,283",x,Clinton
Indiana,IN,-,8,R+8,Larry Bucshon,R,"93,356","187,702","13,655",31.7%,63.7%,4.6%,32.0%,"94,346",x,Trump
Indiana,IN,-,9,R+9,Trey Hollingsworth,R,"130,627","174,791","17,425",40.5%,54.1%,5.4%,13.7%,"44,164",x,Trump
Iowa,IA,-,1,D+5,Rod Blum,R,"177,403","206,903",671,46.1%,53.7%,0.2%,7.7%,"29,500",x,Trump
Iowa,IA,-,2,D+4,Dave Loebsack,D,"198,571","170,933",528,53.7%,46.2%,0.1%,-7.5%,"-27,638",x,Trump
Iowa,IA,-,3,EVEN,David Young ,R,"155,002","208,598","26,687",39.7%,53.4%,6.8%,13.7%,"53,596",x,Trump
Iowa,IA,-,4,R+5,Steve King,R,"142,993","226,719",547,38.6%,61.2%,0.1%,22.6%,"83,726",x,Trump
Kansas,KS,-,1,R+23,Roger Marshall,R,0,"169,992","87,979",0.0%,65.9%,34.1%,65.9%,"169,992",x,Trump
Kansas,KS,-,2,R+8,Lynn Jenkins,R,"96,840","181,228","19,333",32.6%,60.9%,6.5%,28.4%,"84,388",x,Trump
Kansas,KS,-,3,R+6,Kevin Yoder,R,"139,300","176,022","27,791",40.6%,51.3%,8.1%,10.7%,"36,722",x,Clinton
Kansas,KS,-,4,R+14,Mike Pompeo,R,"81,495","166,998","26,758",29.6%,60.7%,9.7%,31.1%,"85,503",x,Trump
Kentucky,KY,-,1,R+18,James Comer,R,"81,710","216,959",332,27.3%,72.6%,0.1%,45.2%,"135,249",x,Trump
Kentucky,KY,-,2,R+16,Brett Guthrie,R,0,"251,825",0,0.0%,100.0%,0.0%,100.0%,"251,825",x,Trump
Kentucky,KY,-,3,D+4,John Yarmuth,D,"212,401","122,093",0,63.5%,36.5%,0.0%,-27.0%,"-90,308",x,Clinton
Kentucky,KY,-,4,R+16,Thomas Massie,R,"94,065","233,922",0,28.7%,71.3%,0.0%,42.6%,"139,857",x,Trump
Kentucky,KY,-,5,R+25,Hal Rogers,R,0,"221,242",0,0.0%,100.0%,0.0%,100.0%,"221,242",x,Trump
Kentucky,KY,-,6,R+9,Andy Barr,R,"128,728","202,099",0,38.9%,61.1%,0.0%,22.2%,"73,371",x,Trump
Louisiana,LA,-,1,R+26,Steve Scalise,R,"63,785","243,645","19,358",19.5%,74.6%,5.9%,55.0%,"179,860",x,Trump
Louisiana,LA,-,2,D+23,Cedric Richmond,D,"284,269",0,0,100.0%,0.0%,0.0%,-100.0%,"-284,269",x,Clinton
Louisiana,LA,-,3,R+19,Clay Higgins,R,"56,215","258,632","5,607",17.5%,80.7%,1.7%,63.2%,"202,417",x,Trump
Louisiana,LA,-,4,R+13,Mike Johnson,R,"80,593","199,750","5,642",28.2%,69.8%,2.0%,41.7%,"119,157",x,Trump
Louisiana,LA,-,5,R+15,Ralph Abraham,R,0,"255,662",0,0.0%,100.0%,0.0%,100.0%,"255,662",x,Trump
Louisiana,LA,-,6,R+21,Garret Graves,R,"79,202","241,075","10,821",23.9%,72.8%,3.3%,48.9%,"161,873",x,Trump
Maine,ME,-,1,D+9,Chellie Pingree,D,"227,546","164,569",276,58.0%,41.9%,0.1%,-16.0%,"-62,977",x,Clinton
Maine,ME,-,2,D+2,Bruce Poliquin,R,"159,081","192,878",224,45.2%,54.8%,0.1%,9.6%,"33,797",x,Trump
Maryland,MD,-,1,R+14,Andy Harris,R,"103,622","242,574","15,901",28.6%,67.0%,4.4%,38.4%,"138,952",x,Trump
Maryland,MD,-,2,D+10,Dutch Ruppersberger,D,"192,183","102,577","14,720",62.1%,33.1%,4.8%,-29.0%,"-89,606",x,Clinton
Maryland,MD,-,3,D+9,John Sarbanes,D,"214,640","115,048","9,987",63.2%,33.9%,2.9%,-29.3%,"-99,592",x,Clinton
Maryland,MD,-,4,D+26,Anthony Brown,D,"237,501","68,670","14,479",74.1%,21.4%,4.5%,-52.7%,"-168,831",x,Clinton
Maryland,MD,-,5,D+14,Steny Hoyer,D,"242,989","105,931","11,714",67.4%,29.4%,3.2%,-38.0%,"-137,058",x,Clinton
Maryland,MD,-,6,D+4,John Delaney,D,"185,770","133,081","13,122",56.0%,40.1%,4.0%,-15.9%,"-52,689",x,Clinton
Maryland,MD,-,7,D+24,Elijah Cummings,D,"238,838","69,556","10,518",74.9%,21.8%,3.3%,-53.1%,"-169,282",x,Clinton
Maryland,MD,-,8,D+11,Jamie Raskin,D,"220,657","124,651","19,016",60.6%,34.2%,5.2%,-26.4%,"-96,006",x,Clinton
Massachusetts,MA,-,1,D+13,Richard Neal,D,"235,803",0,"85,736",73.3%,0.0%,26.7%,-73.3%,"-235,803",x,Clinton
Massachusetts,MA,-,2,D+8,Jim McGovern,D,"275,487",0,"4,924",98.2%,0.0%,1.8%,-98.2%,"-275,487",x,Clinton
Massachusetts,MA,-,3,D+6,Niki Tsongas,D,"236,713","107,519",360,68.7%,31.2%,0.1%,-37.5%,"-129,194",x,Clinton
Massachusetts,MA,-,4,D+6,Joe Kennedy,D,"265,823","113,055",335,70.1%,29.8%,0.1%,-40.3%,"-152,768",x,Clinton
Massachusetts,MA,-,5,D+14,Katherine Clark,D,"285,606",0,"4,201",98.6%,0.0%,1.4%,-98.6%,"-285,606",x,Clinton
Massachusetts,MA,-,6,D+4,Seth Moulton,D,"308,923",0,"5,132",98.4%,0.0%,1.6%,-98.4%,"-308,923",x,Clinton
Massachusetts,MA,-,7,D+31,Mike Capuano,D,"253,354",0,"3,557",98.6%,0.0%,1.4%,-98.6%,"-253,354",x,Clinton
Massachusetts,MA,-,8,D+6,Stephen Lynch,D,"271,019","102,744",502,72.4%,27.5%,0.1%,-45.0%,"-168,275",x,Clinton
Massachusetts,MA,-,9,D+5,Bill Keating,D,"211,790","127,803","40,302",55.7%,33.6%,10.6%,-22.1%,"-83,987",x,Clinton
Michigan,MI,-,1,R+5,Jack Bergman,R,"144,334","197,777","18,160",40.1%,54.9%,5.0%,14.8%,"53,443",x,Trump
Michigan,MI,-,2,R+7,Bill Huizenga,R,"110,391","212,508","16,429",32.5%,62.6%,4.8%,30.1%,"102,117",x,Trump
Michigan,MI,-,3,R+4,Justin Amash,R,"128,400","203,545","10,420",37.5%,59.5%,3.0%,21.9%,"75,145",x,Trump
Michigan,MI,-,4,R+5,John Moolenaar,R,"101,277","194,572","19,902",32.1%,61.6%,6.3%,29.5%,"93,295",x,Trump
Michigan,MI,-,5,D+10,Daniel Kildee,D,"195,279","112,102","11,910",61.2%,35.1%,3.7%,-26.1%,"-83,177",x,Clinton
Michigan,MI,-,6,R+1,Fred Upton,R,"119,980","193,246","16,326",36.4%,58.6%,5.0%,22.2%,"73,266",x,Trump
Michigan,MI,-,7,R+3,Tim Walberg,R,"134,010","184,321","16,476",40.0%,55.1%,4.9%,15.0%,"50,311",x,Trump
Michigan,MI,-,8,R+2,Mike Bishop,R,"143,791","205,629","17,548",39.2%,56.0%,4.8%,16.9%,"61,838",x,Trump
Michigan,MI,-,9,D+6,Sander Levin,D,"199,661","128,937","16,177",57.9%,37.4%,4.7%,-20.5%,"-70,724",x,Clinton
Michigan,MI,-,10,R+6,Paul Mitchell,R,"110,112","215,132","15,739",32.3%,63.1%,4.6%,30.8%,"105,020",x,Trump
Michigan,MI,-,11,R+4,Dave Trott,R,"152,461","200,872","26,155",40.2%,52.9%,6.9%,12.8%,"48,411",x,Trump
Michigan,MI,-,12,D+15,Debbie Dingell,D,"211,378","96,104","21,060",64.3%,29.3%,6.4%,-35.1%,"-115,274",x,Clinton
Michigan,MI,-,13,D+34,John Conyers,D,"198,771","40,541","18,485",77.1%,15.7%,7.2%,-61.4%,"-158,230",x,Clinton
Michigan,MI,-,14,D+29,Brenda Lawrence,D,"244,135","58,103","8,736",78.5%,18.7%,2.8%,-59.8%,"-186,032",x,Clinton
Minnesota,MN,-,1,R+1,Tim Walz,D,"169,074","166,526",277,50.3%,49.6%,0.1%,-0.8%,"-2,548",x,Trump
Minnesota,MN,-,2,R+2,Jason Lewis,R,"167,315","173,970","29,229",45.2%,47.0%,7.9%,1.8%,"6,655",x,Trump
Minnesota,MN,-,3,R+2,Erik Paulsen,R,"169,243","223,077","1,144",43.0%,56.7%,0.3%,13.7%,"53,834",x,Clinton
Minnesota,MN,-,4,D+11,Betty McCollum,D,"203,299","121,032","27,613",57.8%,34.4%,7.8%,-23.4%,"-82,267",x,Clinton
Minnesota,MN,-,5,D+22,Keith Ellison,D,"249,964","80,660","31,258",69.1%,22.3%,8.6%,-46.8%,"-169,304",x,Clinton
Minnesota,MN,-,6,R+10,Tom Emmer,R,"123,008","235,380",536,34.3%,65.6%,0.1%,31.3%,"112,372",x,Trump
Minnesota,MN,-,7,R+6,Collin Peterson,D,"173,589","156,952",307,52.5%,47.4%,0.1%,-5.0%,"-16,637",x,Trump
Minnesota,MN,-,8,D+1,Rick Nolan,D,"179,098","177,089",792,50.2%,49.6%,0.2%,-0.6%,"-2,009",x,Trump
Mississippi,MS,-,1,R+16,Trent Kelly,R,"83,947","206,455","10,021",27.9%,68.7%,3.3%,40.8%,"122,508",x,Trump
Mississippi,MS,-,2,D+13,Bennie Thompson,D,"192,343","83,542","10,741",67.1%,29.1%,3.7%,-38.0%,"-108,801",x,Clinton
Mississippi,MS,-,3,R+14,Gregg Harper,R,"96,101","209,490","10,854",30.4%,66.2%,3.4%,35.8%,"113,389",x,Trump
Mississippi,MS,-,4,R+21,Steven Palazzo,R,"77,505","181,323","19,951",27.8%,65.0%,7.2%,37.2%,"103,818",x,Trump
Missouri,MO,-,1,D+28,Lacy Clay,D,"236,993","62,714","14,317",75.5%,20.0%,4.6%,-55.5%,"-174,279",x,Clinton
Missouri,MO,-,2,R+8,Ann Wagner,R,"155,689","241,954","15,653",37.7%,58.5%,3.8%,20.9%,"86,265",x,Trump
Missouri,MO,-,3,R+13,Blaine Luetkemeyer,R,"102,891","249,865","15,577",27.9%,67.8%,4.2%,39.9%,"146,974",x,Trump
Missouri,MO,-,4,R+13,Vicky Hartzler,R,"92,510","225,348","14,376",27.8%,67.8%,4.3%,40.0%,"132,838",x,Trump
Missouri,MO,-,5,D+9,Emanuel Cleaver,D,"190,766","123,771","9,733",58.8%,38.2%,3.0%,-20.7%,"-66,995",x,Clinton
Missouri,MO,-,6,R+12,Sam Graves,R,"99,692","238,388","12,364",28.4%,68.0%,3.5%,39.6%,"138,696",x,Trump
Missouri,MO,-,7,R+19,Billy Long,R,"92,756","228,692","17,159",27.4%,67.5%,5.1%,40.1%,"135,936",x,Trump
Missouri,MO,-,8,R+17,Jason Smith,R,"70,009","229,792","9,070",22.7%,74.4%,2.9%,51.7%,"159,783",x,Trump
Montana,MT,-,AL,R+7,Ryan Zinke,R,"205,919","285,358","16,554",40.5%,56.2%,3.3%,15.6%,"79,439",x,Trump
Nebraska,NE,-,1,R+10,Jeff Fortenberry,R,"83,467","189,771",0,30.5%,69.5%,0.0%,38.9%,"106,304",x,Trump
Nebraska,NE,-,2,R+4,Don Bacon,R,"137,602","141,066","9,640",47.7%,48.9%,3.3%,1.2%,"3,464",x,Trump
Nebraska,NE,-,3,R+23,Adrian Smith,R,0,"226,720",0,0.0%,100.0%,0.0%,100.0%,"226,720",x,Trump
Nevada,NV,-,1,D+14,Dina Titus,D,"116,537","54,174","17,641",61.9%,28.8%,9.4%,-33.1%,"-62,363",x,Clinton
Nevada,NV,-,2,R+5,Mark Amodei,R,"115,722","182,676","14,938",36.9%,58.3%,4.8%,21.4%,"66,954",x,Trump
Nevada,NV,-,3,EVEN,Jacky Rosen,D,"146,869","142,926","21,168",47.2%,46.0%,6.8%,-1.3%,"-3,943",x,Trump
Nevada,NV,-,4,D+4,Ruben Kihuen,D,"128,985","118,328","18,533",48.5%,44.5%,7.0%,-4.0%,"-10,657",x,Clinton
New Hampshire,NH,-,1,R+1,Carol Shea-Porter,D,"161,828","157,011","34,612",45.8%,44.4%,9.8%,-1.4%,"-4,817",x,Trump
New Hampshire,NH,-,2,D+3,Annie Kuster,D,"174,386","158,960","16,843",49.8%,45.4%,4.8%,-4.4%,"-15,426",x,Clinton
New Jersey,NJ,-,1,D+13,Donald Norcross,D,"183,231","112,388","9,854",60.0%,36.8%,3.2%,-23.2%,"-70,843",x,Clinton
New Jersey,NJ,-,2,D+1,Frank LoBiondo,R,"110,838","176,338","10,619",37.2%,59.2%,3.6%,22.0%,"65,500",x,Trump
New Jersey,NJ,-,3,R+1,Tom MacArthur,R,"127,526","194,596","5,938",38.9%,59.3%,1.8%,20.4%,"67,070",x,Trump
New Jersey,NJ,-,4,R+7,Chris Smith,R,"111,532","211,992","9,160",33.5%,63.7%,2.8%,30.2%,"100,460",x,Trump
New Jersey,NJ,-,5,R+4,Josh Gottheimer,D,"172,587","157,690","7,424",51.1%,46.7%,2.2%,-4.4%,"-14,897",x,Trump
New Jersey,NJ,-,6,D+8,Frank Pallone,D,"167,895","91,908","3,632",63.7%,34.9%,1.4%,-28.8%,"-75,987",x,Clinton
New Jersey,NJ,-,7,R+6,Leonard Lance,R,"148,188","185,850","9,597",43.1%,54.1%,2.8%,11.0%,"37,662",x,Clinton
New Jersey,NJ,-,8,D+24,Albio Sires,D,"134,733","32,337","7,819",77.0%,18.5%,4.5%,-58.5%,"-102,396",x,Clinton
New Jersey,NJ,-,9,D+14,Bill Pascrell,D,"162,642","65,376","5,224",69.7%,28.0%,2.2%,-41.7%,"-97,266",x,Clinton
New Jersey,NJ,-,10,D+34,Donald Payne Jr.,D,"190,856","26,450","5,465",85.7%,11.9%,2.5%,-73.8%,"-164,406",x,Clinton
New Jersey,NJ,-,11,R+6,Rodney Frelinghuysen,R,"130,162","194,299","10,531",38.9%,58.0%,3.1%,19.1%,"64,137",x,Trump
New Jersey,NJ,-,12,D+14,Bonnie Watson Coleman,D,"181,430","92,407","14,797",62.9%,32.0%,5.1%,-30.8%,"-89,023",x,Clinton
New Mexico,NM,-,1,D+7,Michelle Lujan Grisham,D,"181,088","96,879",0,65.1%,34.9%,0.0%,-30.3%,"-84,209",x,Clinton
New Mexico,NM,-,2,R+5,Steve Pearce,R,"85,232","143,514",67,37.2%,62.7%,0.0%,25.5%,"58,282",x,Trump
New Mexico,NM,-,3,D+8,Ben R. Lujan,D,"170,612","102,730",0,62.4%,37.6%,0.0%,-24.8%,"-67,882",x,Clinton
New York,NY,-,1,R+2,Lee Zeldin,R,"135,278","188,499",113,41.8%,58.2%,0.0%,16.4%,"53,221",x,Trump
New York,NY,-,2,R+1,Peter King,R,"110,938","181,506",151,37.9%,62.0%,0.1%,24.1%,"70,568",x,Trump
New York,NY,-,3,EVEN,Tom Suozzi,D,"171,775","152,304",175,53.0%,47.0%,0.1%,-6.0%,"-19,471",x,Clinton
New York,NY,-,4,D+3,Kathleen Rice,D,"186,423","126,438",139,59.6%,40.4%,0.0%,-19.2%,"-59,985",x,Clinton
New York,NY,-,5,D+35,Gregory Meeks,D,"199,815","30,312","3,726",85.4%,13.0%,1.6%,-72.5%,"-169,503",x,Clinton
New York,NY,-,6,D+13,Grace Meng,D,"136,506","50,617","2,310",72.1%,26.7%,1.2%,-45.3%,"-85,889",x,Clinton
New York,NY,-,7,D+34,Nydia Velazquez,D,"172,146","17,478",266,90.7%,9.2%,0.1%,-81.5%,"-154,668",x,Clinton
New York,NY,-,8,D+35,Hakeem Jeffries,D,"214,595",0,"15,608",93.2%,0.0%,6.8%,-93.2%,"-214,595",x,Clinton
New York,NY,-,9,D+32,Yvette Clarke,D,"214,189",0,"17,905",92.3%,0.0%,7.7%,-92.3%,"-214,189",x,Clinton
New York,NY,-,10,D+23,Jerrold Nadler,D,"192,371","53,857",297,78.0%,21.8%,0.1%,-56.2%,"-138,514",x,Clinton
New York,NY,-,11,R+2,Daniel Donovan,R,"85,257","142,934","4,126",36.7%,61.5%,1.8%,24.8%,"57,677",x,Trump
New York,NY,-,12,D+27,Carolyn Maloney,D,"244,358","49,399",314,83.1%,16.8%,0.1%,-66.3%,"-194,959",x,Clinton
New York,NY,-,13,D+42,Adriano Espaillat,D,"207,194","16,089","10,454",88.6%,6.9%,4.5%,-81.8%,"-191,105",x,Clinton
New York,NY,-,14,D+26,Joe Crowley,D,"147,587","30,545",191,82.8%,17.1%,0.1%,-65.6%,"-117,042",x,Clinton
New York,NY,-,15,D+43,Jose E. Serrano,D,"165,688","6,129","2,219",95.2%,3.5%,1.3%,-91.7%,"-159,559",x,Clinton
New York,NY,-,16,D+21,Eliot Engel,D,"209,857",0,"12,373",94.4%,0.0%,5.6%,-94.4%,"-209,857",x,Clinton
New York,NY,-,17,D+5,Nita Lowey,D,"214,530",0,"2,055",99.1%,0.0%,0.9%,-99.1%,"-214,530",x,Clinton
New York,NY,-,18,EVEN,Sean Patrick Maloney,D,"162,060","129,369",98,55.6%,44.4%,0.0%,-11.2%,"-32,691",x,Trump
New York,NY,-,19,D+1,John Faso,R,"141,224","166,171",219,45.9%,54.0%,0.1%,8.1%,"24,947",x,Trump
New York,NY,-,20,D+7,Paul Tonko,D,"213,018","100,740",181,67.9%,32.1%,0.1%,-35.8%,"-112,278",x,Clinton
New York,NY,-,21,EVEN,Elise Stefanik,R,"82,161","177,886","12,559",30.1%,65.3%,4.6%,35.1%,"95,725",x,Trump
New York,NY,-,22,R+3,Claudia Tenney,R,"114,266","129,444","34,821",41.0%,46.5%,12.5%,5.4%,"15,178",x,Trump
New York,NY,-,23,R+3,Tom Reed,R,"118,584","161,050",101,42.4%,57.6%,0.0%,15.2%,"42,466",x,Trump
New York,NY,-,24,D+5,John Katko,R,"119,040","182,761",314,39.4%,60.5%,0.1%,21.1%,"63,721",x,Clinton
New York,NY,-,25,D+7,Louise M. Slaughter,D,"182,950","142,650",231,56.1%,43.8%,0.1%,-12.4%,"-40,300",x,Clinton
New York,NY,-,26,D+12,Brian Higgins,D,"215,289","73,377",13,74.6%,25.4%,0.0%,-49.2%,"-141,912",x,Clinton
New York,NY,-,27,R+8,Chris Collins,R,"107,832","220,885",92,32.8%,67.2%,0.0%,34.4%,"113,053",x,Trump
North Carolina,NC,-,1,D+15,G.K. Butterfield,D,"240,661","101,567","8,471",68.6%,29.0%,2.4%,-39.7%,"-139,094",x,Clinton
North Carolina,NC,-,2,R+8,George Holding,R,"169,082","221,485",0,43.3%,56.7%,0.0%,13.4%,"52,403",x,Trump
North Carolina,NC,-,3,R+11,Walter Jones,R,"106,170","217,531",0,32.8%,67.2%,0.0%,34.4%,"111,361",x,Trump
North Carolina,NC,-,4,D+13,David Price,D,"279,380","130,161",0,68.2%,31.8%,0.0%,-36.4%,"-149,219",x,Clinton
North Carolina,NC,-,5,R+9,Virginia Foxx,R,"147,887","207,625",0,41.6%,58.4%,0.0%,16.8%,"59,738",x,Trump
North Carolina,NC,-,6,R+10,Mark Walker,R,"143,167","207,983",0,40.8%,59.2%,0.0%,18.5%,"64,816",x,Trump
North Carolina,NC,-,7,R+9,David Rouzer,R,"135,905","211,801",0,39.1%,60.9%,0.0%,21.8%,"75,896",x,Trump
North Carolina,NC,-,8,R+8,Richard Hudson,R,"133,182","189,863",0,41.2%,58.8%,0.0%,17.5%,"56,681",x,Trump
North Carolina,NC,-,9,R+8,Robert Pittenger,R,"139,041","193,452",0,41.8%,58.2%,0.0%,16.4%,"54,411",x,Trump
North Carolina,NC,-,10,R+11,Patrick McHenry,R,"128,919","220,825",0,36.9%,63.1%,0.0%,26.3%,"91,906",x,Trump
North Carolina,NC,-,11,R+12,Mark Meadows,R,"129,103","230,405",0,35.9%,64.1%,0.0%,28.2%,"101,302",x,Trump
North Carolina,NC,-,12,D+16,Alma Adams,D,"234,115","115,185",0,67.0%,33.0%,0.0%,-34.0%,"-118,930",x,Clinton
North Carolina,NC,-,13,R+5,Ted Budd,R,"156,049","199,443",0,43.9%,56.1%,0.0%,12.2%,"43,394",x,Trump
North Dakota,ND,-,AL,R+10,Kevin Cramer,R,"80,377","233,980","24,102",23.7%,69.1%,7.1%,45.4%,"153,603",x,Trump
Ohio,OH,-,1,R+6,Steve Chabot,R,"144,644","210,014",130,40.8%,59.2%,0.0%,18.4%,"65,370",x,Trump
Ohio,OH,-,2,R+8,Brad Wenstrup,R,"111,694","221,193","7,392",32.8%,65.0%,2.2%,32.2%,"109,499",x,Trump
Ohio,OH,-,3,D+17,Joyce Beatty,D,"199,791","91,560",0,68.6%,31.4%,0.0%,-37.1%,"-108,231",x,Clinton
Ohio,OH,-,4,R+9,Jim Jordan,R,"98,981","210,227",0,32.0%,68.0%,0.0%,36.0%,"111,246",x,Trump
Ohio,OH,-,5,R+7,Bob Latta,R,"100,392","244,599",0,29.1%,70.9%,0.0%,41.8%,"144,207",x,Trump
Ohio,OH,-,6,R+8,Bill Johnson,R,"88,780","213,975",0,29.3%,70.7%,0.0%,41.4%,"125,195",x,Trump
Ohio,OH,-,7,R+6,Bob Gibbs,R,"89,638","198,221","21,694",29.0%,64.0%,7.0%,35.1%,"108,583",x,Trump
Ohio,OH,-,8,R+15,Warren Davidson,R,"87,794","223,833","13,879",27.0%,68.8%,4.3%,41.8%,"136,039",x,Trump
Ohio,OH,-,9,D+15,Marcy Kaptur,D,"193,966","88,427",5,68.7%,31.3%,0.0%,-37.4%,"-105,539",x,Clinton
Ohio,OH,-,10,R+3,Mike Turner,R,"109,981","215,724","10,897",32.7%,64.1%,3.2%,31.4%,"105,743",x,Trump
Ohio,OH,-,11,D+30,Marcia Fudge,D,"242,917","59,769",0,80.3%,19.7%,0.0%,-60.5%,"-183,148",x,Clinton
Ohio,OH,-,12,R+8,Pat Tiberi,R,"112,638","251,266","13,630",29.8%,66.6%,3.6%,36.7%,"138,628",x,Trump
Ohio,OH,-,13,D+11,Tim Ryan,D,"208,610","99,377",17,67.7%,32.3%,0.0%,-35.5%,"-109,233",x,Clinton
Ohio,OH,-,14,R+4,David Joyce,R,"130,907","219,191",171,37.4%,62.6%,0.0%,25.2%,"88,284",x,Trump
Ohio,OH,-,15,R+6,Steve Stivers,R,"113,960","222,847",0,33.8%,66.2%,0.0%,32.3%,"108,887",x,Trump
Ohio,OH,-,16,R+6,Jim Renacci,R,"119,830","225,794",0,34.7%,65.3%,0.0%,30.7%,"105,964",x,Trump
Oklahoma,OK,-,1,R+18,Jim Bridenstine,R,0,0,0,0.0%,100.0%,0.0%,100.0%,0,x,Trump
Oklahoma,OK,-,2,R+20,Markwayne Mullin,R,"62,387","189,839","16,644",23.2%,70.6%,6.2%,47.4%,"127,452",x,Trump
Oklahoma,OK,-,3,R+26,Frank Lucas,R,"63,090","227,525",0,21.7%,78.3%,0.0%,56.6%,"164,435",x,Trump
Oklahoma,OK,-,4,R+19,Tom Cole,R,"76,472","204,143","12,574",26.1%,69.6%,4.3%,43.5%,"127,671",x,Trump
Oklahoma,OK,-,5,R+12,Steve Russell,R,"103,273","160,184","17,113",36.8%,57.1%,6.1%,20.3%,"56,911",x,Trump
Oregon,OR,-,1,D+7,Suzanne Bonamici,D,"225,391","139,756","12,948",59.6%,37.0%,3.4%,-22.6%,"-85,635",x,Clinton
Oregon,OR,-,2,R+10,Greg Walden,R,"106,640","272,952","1,147",28.0%,71.7%,0.3%,43.7%,"166,312",x,Trump
Oregon,OR,-,3,D+22,Earl Blumenauer,D,"274,687",0,"107,668",71.8%,0.0%,28.2%,-71.8%,"-274,687",x,Clinton
Oregon,OR,-,4,D+2,Peter DeFazio,D,"220,628","157,743","19,197",55.5%,39.7%,4.8%,-15.8%,"-62,885",x,Clinton
Oregon,OR,-,5,EVEN,Kurt Schrader,D,"199,505","160,443","13,160",53.5%,43.0%,3.5%,-10.5%,"-39,062",x,Clinton
Pennsylvania,PA,-,1,D+28,Robert Brady,D,"245,791","53,219",0,82.2%,17.8%,0.0%,-64.4%,"-192,572",x,Clinton
Pennsylvania,PA,-,2,D+38,Dwight Evans,D,"322,514","35,131",0,90.2%,9.8%,0.0%,-80.4%,"-287,383",x,Clinton
Pennsylvania,PA,-,3,R+8,Mike Kelly,R,0,"244,893",0,0.0%,100.0%,0.0%,100.0%,"244,893",x,Trump
Pennsylvania,PA,-,4,R+9,Scott Perry,R,"113,372","220,628",0,33.9%,66.1%,0.0%,32.1%,"107,256",x,Trump
Pennsylvania,PA,-,5,R+8,Glenn Thompson,R,"101,082","206,751",0,32.8%,67.2%,0.0%,34.3%,"105,669",x,Trump
Pennsylvania,PA,-,6,R+2,Ryan Costello,R,"153,632","206,414",0,42.7%,57.3%,0.0%,14.7%,"52,782",x,Clinton
Pennsylvania,PA,-,7,R+2,Patrick Meehan,R,"153,824","225,678",0,40.5%,59.5%,0.0%,18.9%,"71,854",x,Clinton
Pennsylvania,PA,-,8,R+1,Brian Fitzpatrick,R,"173,555","207,469",0,45.5%,54.5%,0.0%,8.9%,"33,914",x,Trump
Pennsylvania,PA,-,9,R+14,Bill Shuster,R,"107,985","186,580",0,36.7%,63.3%,0.0%,26.7%,"78,595",x,Trump
Pennsylvania,PA,-,10,R+12,Tom Marino,R,"89,823","211,282",0,29.8%,70.2%,0.0%,40.3%,"121,459",x,Trump
Pennsylvania,PA,-,11,R+6,Lou Barletta,R,"113,800","199,421",0,36.3%,63.7%,0.0%,27.3%,"85,621",x,Trump
Pennsylvania,PA,-,12,R+9,Keith Rothfus,R,"137,353","221,851",0,38.2%,61.8%,0.0%,23.5%,"84,498",x,Trump
Pennsylvania,PA,-,13,D+13,Brendan Boyle,D,"239,316",0,0,100.0%,0.0%,0.0%,-100.0%,"-239,316",x,Clinton
Pennsylvania,PA,-,14,D+15,Mike Doyle,D,"255,293","87,999",0,74.4%,25.6%,0.0%,-48.7%,"-167,294",x,Clinton
Pennsylvania,PA,-,15,R+2,Charles Dent,R,"124,129","190,618","11,727",38.0%,58.4%,3.6%,20.4%,"66,489",x,Trump
Pennsylvania,PA,-,16,R+4,Lloyd Smucker,R,"134,586","168,669","10,518",42.9%,53.8%,3.4%,10.9%,"34,083",x,Trump
Pennsylvania,PA,-,17,D+4,Matthew Cartwright,D,"157,734","135,430",0,53.8%,46.2%,0.0%,-7.6%,"-22,304",x,Trump
Pennsylvania,PA,-,18,R+10,Tim Murphy,R,0,"293,684",0,0.0%,100.0%,0.0%,100.0%,"293,684",x,Trump
Rhode Island,RI,-,1,D+15,David Cicilline,D,"130,534","71,023",814,64.5%,35.1%,0.4%,-29.4%,"-59,511",x,Clinton
Rhode Island,RI,-,2,D+8,Jim Langevin,D,"133,108","70,301","25,739",58.1%,30.7%,11.2%,-27.4%,"-62,807",x,Clinton
South Carolina,SC,-,1,R+11,Mark Sanford,R,"119,779","190,410","14,981",36.8%,58.6%,4.6%,21.7%,"70,631",x,Trump
South Carolina,SC,-,2,R+16,Joe Wilson,R,"109,452","183,746","11,798",35.9%,60.2%,3.9%,24.4%,"74,294",x,Trump
South Carolina,SC,-,3,R+18,Jeff Duncan,R,"72,933","196,325",282,27.1%,72.8%,0.1%,45.8%,"123,392",x,Trump
South Carolina,SC,-,4,R+15,Trey Gowdy,R,"91,676","198,648","5,346",31.0%,67.2%,1.8%,36.2%,"106,972",x,Trump
South Carolina,SC,-,5,R+9,Mick Mulvaney,R,"105,772","161,669","5,565",38.7%,59.2%,2.0%,20.5%,"55,897",x,Trump
South Carolina,SC,-,6,D+21,Jim Clyburn,D,"177,947","70,099","5,855",70.1%,27.6%,2.3%,-42.5%,"-107,848",x,Clinton
South Carolina,SC,-,7,R+7,Tom Rice,R,"112,744","176,468",251,38.9%,61.0%,0.1%,22.0%,"63,724",x,Trump
South Dakota,SD,-,AL,R+10,Kristi Noem,R,"132,810","237,163",0,35.9%,64.1%,0.0%,28.2%,"104,353",x,Trump
Tennessee,TN,-,1,R+25,Phil Roe,R,"39,024","198,293","15,708",15.4%,78.4%,6.2%,62.9%,"159,269",x,Trump
Tennessee,TN,-,2,R+20,John Duncan,R,"68,401","212,455",0,24.4%,75.6%,0.0%,51.3%,"144,054",x,Trump
Tennessee,TN,-,3,R+16,Chuck Fleischmann,R,"76,727","176,613","12,666",28.8%,66.4%,4.8%,37.6%,"99,886",x,Trump
Tennessee,TN,-,4,R+18,Scott DesJarlais,R,"89,141","165,796",0,35.0%,65.0%,0.0%,30.1%,"76,655",x,Trump
Tennessee,TN,-,5,D+5,Jim Cooper,D,"171,111","102,433",0,62.6%,37.4%,0.0%,-25.1%,"-68,678",x,Clinton
Tennessee,TN,-,6,R+21,Diane Black,R,"61,995","202,234","20,261",21.8%,71.1%,7.1%,49.3%,"140,239",x,Trump
Tennessee,TN,-,7,R+18,Marsha Blackburn,R,"65,226","200,407","11,880",23.5%,72.2%,4.3%,48.7%,"135,181",x,Trump
Tennessee,TN,-,8,R+19,David Kustoff,R,"70,925","194,386","17,422",25.1%,68.8%,6.2%,43.7%,"123,461",x,Trump
Tennessee,TN,-,9,D+25,Steve Cohen,D,"171,631","41,123","5,203",78.7%,18.9%,2.4%,-59.9%,"-130,508",x,Clinton
Texas,TX,-,1,R+24,Louie Gohmert,R,"62,847","192,434","5,128",24.1%,73.9%,2.0%,49.8%,"129,587",x,Trump
Texas,TX,-,2,R+16,Ted Poe,R,"100,231","168,692","9,313",36.0%,60.6%,3.3%,24.6%,"68,461",x,Trump
Texas,TX,-,3,R+17,Sam Johnson,R,"109,420","193,684","13,363",34.6%,61.2%,4.2%,26.6%,"84,264",x,Trump
Texas,TX,-,4,R+25,John Ratcliffe,R,0,"216,643","29,577",0.0%,88.0%,12.0%,88.0%,"216,643",x,Trump
Texas,TX,-,5,R+17,Jeb Hensarling,R,0,"155,469","37,406",0.0%,80.6%,19.4%,80.6%,"155,469",x,Trump
Texas,TX,-,6,R+11,Joe Barton,R,"106,667","159,444","7,185",39.0%,58.3%,2.6%,19.3%,"52,777",x,Trump
Texas,TX,-,7,R+13,John Culberson,R,"111,991","143,542",0,43.8%,56.2%,0.0%,12.3%,"31,551",x,Clinton
Texas,TX,-,8,R+29,Kevin Brady,R,0,"236,379",0,0.0%,100.0%,0.0%,100.0%,"236,379",x,Trump
Texas,TX,-,9,D+25,Al Green,D,"152,032","36,491",0,80.6%,19.4%,0.0%,-61.3%,"-115,541",x,Clinton
Texas,TX,-,10,R+11,Michael McCaul,R,"120,170","179,221","13,209",38.4%,57.3%,4.2%,18.9%,"59,051",x,Trump
Texas,TX,-,11,R+31,Mike Conaway,R,0,"201,871","23,677",0.0%,89.5%,10.5%,89.5%,"201,871",x,Trump
Texas,TX,-,12,R+19,Kay Granger,R,"76,029","196,482","10,604",26.9%,69.4%,3.7%,42.5%,"120,453",x,Trump
Texas,TX,-,13,R+32,Mac Thornberry,R,0,"199,050","22,192",0.0%,90.0%,10.0%,90.0%,"199,050",x,Trump
Texas,TX,-,14,R+12,Randy Weber,R,"99,054","160,631",0,38.1%,61.9%,0.0%,23.7%,"61,577",x,Trump
Texas,TX,-,15,D+5,Vicente Gonzalez,D,"101,712","66,877","8,890",57.3%,37.7%,5.0%,-19.6%,"-34,835",x,Clinton
Texas,TX,-,16,D+12,Beto O'Rourke,D,"150,228",0,"25,001",85.7%,0.0%,14.3%,-85.7%,"-150,228",x,Clinton
Texas,TX,-,17,R+13,Bill Flores,R,"86,603","149,417","9,708",35.2%,60.8%,4.0%,25.6%,"62,814",x,Trump
Texas,TX,-,18,D+24,Sheila Jackson Lee,D,"150,157","48,306","5,845",73.5%,23.6%,2.9%,-49.9%,"-101,851",x,Clinton
Texas,TX,-,19,R+26,Jodey Arrington,R,0,"176,314","27,161",0.0%,86.7%,13.3%,86.7%,"176,314",x,Trump
Texas,TX,-,20,D+6,Joaquin Castro,D,"149,640",0,"38,029",79.7%,0.0%,20.3%,-79.7%,"-149,640",x,Clinton
Texas,TX,-,21,R+12,Lamar Smith,R,"129,765","202,967","23,299",36.4%,57.0%,6.5%,20.6%,"73,202",x,Trump
Texas,TX,-,22,R+15,Pete Olson,R,"123,679","181,864",0,40.5%,59.5%,0.0%,19.0%,"58,185",x,Trump
Texas,TX,-,23,R+3,Will Hurd,R,"107,526","110,577","10,862",47.0%,48.3%,4.7%,1.3%,"3,051",x,Clinton
Texas,TX,-,24,R+13,Kenny Marchant,R,"108,389","154,845","12,401",39.3%,56.2%,4.5%,16.9%,"46,456",x,Trump
Texas,TX,-,25,R+12,Roger Williams,R,"117,073","180,988","12,135",37.7%,58.3%,3.9%,20.6%,"63,915",x,Trump
Texas,TX,-,26,R+20,Michael Burgess,R,"94,507","211,730","12,843",29.6%,66.4%,4.0%,36.7%,"117,223",x,Trump
Texas,TX,-,27,R+13,Blake Farenthold,R,"88,329","142,251",0,38.3%,61.7%,0.0%,23.4%,"53,922",x,Trump
Texas,TX,-,28,D+7,Henry Cuellar,D,"122,086","57,740","4,616",66.2%,31.3%,2.5%,-34.9%,"-64,346",x,Clinton
Texas,TX,-,29,D+12,Gene Green,D,"95,649","31,646","4,687",72.5%,24.0%,3.6%,-48.5%,"-64,003",x,Clinton
Texas,TX,-,30,D+27,Eddie Bernice Johnson,D,"170,502","31,518","6,806",81.6%,15.1%,3.3%,-66.6%,"-138,984",x,Clinton
Texas,TX,-,31,R+12,John Carter,R,"103,852","166,060","14,676",36.5%,58.4%,5.2%,21.9%,"62,208",x,Trump
Texas,TX,-,32,R+10,Pete Sessions,R,0,"162,868","66,303",0.0%,71.1%,28.9%,71.1%,"162,868",x,Clinton
Texas,TX,-,33,D+18,Marc Veasey,D,"93,147","33,222",0,73.7%,26.3%,0.0%,-47.4%,"-59,925",x,Clinton
Texas,TX,-,34,D+8,Filemon Vela,D,"104,638","62,323",0,62.7%,37.3%,0.0%,-25.3%,"-42,315",x,Clinton
Texas,TX,-,35,D+11,Lloyd Doggett,D,"124,612","62,384","10,580",63.1%,31.6%,5.4%,-31.5%,"-62,228",x,Clinton
Texas,TX,-,36,R+25,Brian Babin,R,0,"193,675","24,890",0.0%,88.6%,11.4%,88.6%,"193,675",x,Trump
Utah,UT,-,1,R+27,Rob Bishop,R,"73,381","182,928","21,146",26.4%,65.9%,7.6%,39.5%,"109,547",x,Trump
Utah,UT,-,2,R+18,Chris Stewart,R,"93,780","170,542","12,519",33.9%,61.6%,4.5%,27.7%,"76,762",x,Trump
Utah,UT,-,3,R+28,Jason Chaffetz,R,"75,716","209,589",0,26.5%,73.5%,0.0%,46.9%,"133,873",x,Trump
Utah,UT,-,4,R+16,Mia Love,R,"113,413","147,597","13,559",41.3%,53.8%,4.9%,12.5%,"34,184",x,Trump
Vermont,VT,-,AL,D+16,Peter Welch,D,"264,414",0,"30,920",89.5%,0.0%,10.5%,-89.5%,"-264,414",x,Clinton
Virginia,VA,-,1,R+8,Rob Wittman,R,"140,785","230,213","13,603",36.6%,59.9%,3.5%,23.3%,"89,428",x,Trump
Virginia,VA,-,2,R+4,Scott Taylor,R,"119,440","190,475",653,38.5%,61.3%,0.2%,22.9%,"71,035",x,Trump
Virginia,VA,-,3,D+15,Bobby Scott,D,"208,337","103,289",714,66.7%,33.1%,0.2%,-33.6%,"-105,048",x,Clinton
Virginia,VA,-,4,D+8,Don McEachin,D,"200,136","145,731",789,57.7%,42.0%,0.2%,-15.7%,"-54,405",x,Clinton
Virginia,VA,-,5,R+5,Tom Garrett,R,"148,339","207,758",659,41.6%,58.2%,0.2%,16.7%,"59,419",x,Trump
Virginia,VA,-,6,R+12,Bob Goodlatte,R,"112,170","225,471",768,33.1%,66.6%,0.2%,33.5%,"113,301",x,Trump
Virginia,VA,-,7,R+8,Dave Brat,R,"160,159","218,057",947,42.2%,57.5%,0.2%,15.3%,"57,898",x,Trump
Virginia,VA,-,8,D+16,Don Beyer,D,"246,653","98,387","15,636",68.4%,27.3%,4.3%,-41.1%,"-148,266",x,Clinton
Virginia,VA,-,9,R+15,Morgan Griffith,R,"87,877","212,838","9,599",28.3%,68.6%,3.1%,40.3%,"124,961",x,Trump
Virginia,VA,-,10,R+2,Barbara Comstock,R,"187,712","210,791","1,580",46.9%,52.7%,0.4%,5.8%,"23,079",x,Clinton
Virginia,VA,-,11,D+10,Gerry Connolly,D,"247,818",0,"34,185",87.9%,0.0%,12.1%,-87.9%,"-247,818",x,Clinton
Washington,WA,-,1,D+4,Suzan DelBene,D,"193,619","155,779",0,55.4%,44.6%,0.0%,-10.8%,"-37,840",x,Clinton
Washington,WA,-,2,D+8,Rick Larsen,D,"208,314","117,094",0,64.0%,36.0%,0.0%,-28.0%,"-91,220",x,Clinton
Washington,WA,-,3,R+2,Jaime Herrera Beutler,R,"119,820","193,457",0,38.2%,61.8%,0.0%,23.5%,"73,637",x,Trump
Washington,WA,-,4,R+13,Dan Newhouse,R,0,"229,919",0,0.0%,100.0%,0.0%,100.0%,"229,919",x,Trump
Washington,WA,-,5,R+7,Cathy McMorris Rodgers,R,"130,575","192,959",0,40.4%,59.6%,0.0%,19.3%,"62,384",x,Trump
Washington,WA,-,6,D+5,Derek Kilmer,D,"201,718","126,116",0,61.5%,38.5%,0.0%,-23.1%,"-75,602",x,Clinton
Washington,WA,-,7,D+29,Pramila Jayapal,D,"378,754",0,0,100.0%,0.0%,0.0%,-100.0%,"-378,754",x,Clinton
Washington,WA,-,8,R+1,Dave Reichert,R,"127,720","193,145",0,39.8%,60.2%,0.0%,20.4%,"65,425",x,Clinton
Washington,WA,-,9,D+17,Adam Smith,D,"205,165","76,317",0,72.9%,27.1%,0.0%,-45.8%,"-128,848",x,Clinton
Washington,WA,-,10,D+5,Denny Heck,D,"170,460","120,104",0,58.7%,41.3%,0.0%,-17.3%,"-50,356",x,Clinton
West Virginia,WV,-,1,R+14,David McKinley,R,"73,534","163,469",0,31.0%,69.0%,0.0%,37.9%,"89,935",x,Trump
West Virginia,WV,-,2,R+11,Alex Mooney,R,"101,207","140,807",0,41.8%,58.2%,0.0%,16.4%,"39,600",x,Trump
West Virginia,WV,-,3,R+14,Evan Jenkins,R,"49,708","140,741","16,883",24.0%,67.9%,8.1%,43.9%,"91,033",x,Trump
Wisconsin,WI,-,1,R+3,Paul Ryan,R,"107,003","230,072","17,170",30.2%,64.9%,4.8%,34.7%,"123,069",x,Trump
Wisconsin,WI,-,2,D+17,Mark Pocan,D,"273,537","124,044",479,68.7%,31.2%,0.1%,-37.6%,"-149,493",x,Clinton
Wisconsin,WI,-,3,D+5,Ron Kind,D,"257,401",0,"2,969",98.9%,0.0%,1.1%,-98.9%,"-257,401",x,Trump
Wisconsin,WI,-,4,D+23,Gwen Moore,D,"220,181",0,"66,728",76.7%,0.0%,23.3%,-76.7%,"-220,181",x,Clinton
Wisconsin,WI,-,5,R+13,Jim Sensenbrenner,R,"114,477","260,706","15,661",29.3%,66.7%,4.0%,37.4%,"146,229",x,Trump
Wisconsin,WI,-,6,R+5,Glenn Grothman,R,"133,072","204,147","19,964",37.3%,57.2%,5.6%,19.9%,"71,075",x,Trump
Wisconsin,WI,-,7,R+2,Sean Duffy,R,"138,643","223,418",210,38.3%,61.7%,0.1%,23.4%,"84,775",x,Trump
Wisconsin,WI,-,8,R+2,Mike Gallagher,R,"135,682","227,892",206,37.3%,62.6%,0.1%,25.3%,"92,210",x,Trump
Wyoming,WY,-,AL,R+22,Liz Cheney,R,"75,466","156,176","20,134",30.0%,62.0%,8.0%,32.1%,"80,710",x,Trump