State,District,2012 Cook PVI Score,Winner,Party,Dem Votes,GOP Votes,Other Votes,Total Votes,"Field
Margin",All_minus_Dem,All_minus_GOP,Dem %,GOP %,Other %,GOP Margin%,GOP Raw Margin,Final?,2016 Prez Winner
Alabama,AL-1,R+15,Bradley Byrne,R,0,208083,7810,215893,6477,215893,-200273,0.0%,96.4%,3.6%,96.4%,"208,083",x,Trump
Alabama,AL-2,R+17,Martha Roby,R,112089,134886,29609,276584,8298,52406,6812,40.5%,48.8%,10.7%,8.2%,"22,797",x,Trump
Alabama,AL-3,R+16,Mike Rogers,R,94549,192164,391,287104,8613,98006,-97224,32.9%,66.9%,0.1%,34.0%,"97,615",x,Trump
Alabama,AL-4,R+28,Robert Aderholt,R,0,235925,3519,239444,7183,239444,-232406,0.0%,98.5%,1.5%,98.5%,"235,925",x,Trump
Alabama,AL-5,R+17,Mo Brooks,R,102234,205647,445,308326,9250,103858,-102968,33.2%,66.7%,0.1%,33.5%,"103,413",x,Trump
Alabama,AL-6,R+28,Gary Palmer,R,83709,245313,284,329306,9879,161888,-161320,25.4%,74.5%,0.1%,49.1%,"161,604",x,Trump
Alabama,AL-7,D+20,Terri Sewell,D,229330,0,3698,233028,6991,-225632,233028,98.4%,0.0%,1.6%,-98.4%,"-229,330",x,Clinton
Alaska,AK-AL,R+12,Don Young,R,111019,155088,42091,308198,9246,86160,-1978,36.0%,50.3%,13.7%,14.3%,"44,069",x,Trump
Arizona,AZ-1,R+4,Tom O'Halleran,D,142219,121745,16746,280710,8421,-3728,37220,50.7%,43.4%,6.0%,-7.3%,"-20,474",x,Trump
Arizona,AZ-2,R+3,Martha McSally,R,135873,179806,0,315679,9470,43933,-43933,43.0%,57.0%,0.0%,13.9%,"43,933",x,Clinton
Arizona,AZ-3,D+8,Raul Grijalva,D,148973,0,20162,169135,5074,-128811,169135,88.1%,0.0%,11.9%,-88.1%,"-148,973",x,Clinton
Arizona,AZ-4,R+20,Paul Gosar,R,81296,203487,0,284783,8543,122191,-122191,28.5%,71.5%,0.0%,42.9%,"122,191",x,Trump
Arizona,AZ-5,R+17,Andy Biggs,R,114940,205184,0,320124,9604,90244,-90244,35.9%,64.1%,0.0%,28.2%,"90,244",x,Trump
Arizona,AZ-6,R+12,David Schweikert,R,122866,201578,0,324444,9733,78712,-78712,37.9%,62.1%,0.0%,24.3%,"78,712",x,Trump
Arizona,AZ-7,D+16,Ruben Gallego,D,119465,39286,60,158811,4764,-80119,80239,75.2%,24.7%,0.0%,-50.5%,"-80,179",x,Clinton
Arizona,AZ-8,R+15,Trent Franks,R,0,204942,94029,298971,8969,298971,-110913,0.0%,68.5%,31.5%,68.5%,"204,942",x,Trump
Arizona,AZ-9,R+1,Kyrsten Sinema,D,169055,108350,102,277507,8325,-60603,60807,60.9%,39.0%,0.0%,-21.9%,"-60,705",x,Clinton
Arkansas,AR-1,R+14,Rick Crawford,R,0,183866,57181,241047,7231,241047,-126685,0.0%,76.3%,23.7%,76.3%,"183,866",x,Trump
Arkansas,AR-2,R+8,French Hill,R,111347,176472,14645,302464,9074,79770,-50480,36.8%,58.3%,4.8%,21.5%,"65,125",x,Trump
Arkansas,AR-3,R+19,Steve Womack,R,0,217192,63715,280907,8427,280907,-153477,0.0%,77.3%,22.7%,77.3%,"217,192",x,Trump
Arkansas,AR-4,R+15,Bruce Westerman,R,0,182885,61274,244159,7325,244159,-121611,0.0%,74.9%,25.1%,74.9%,"182,885",x,Trump
California,CA-1,R+10,Doug La Malfa,R,128588,185448,0,314036,9421,56860,-56860,40.9%,59.1%,0.0%,18.1%,"56,860",x,Trump
California,CA-2,D+20,Jared Huffman,D,254194,76572,0,330766,9923,-177622,177622,76.9%,23.1%,0.0%,-53.7%,"-177,622",x,Clinton
California,CA-3,D+3,John Garamendi,D,152513,104453,0,256966,7709,-48060,48060,59.4%,40.6%,0.0%,-18.7%,"-48,060",x,Clinton
California,CA-4,R+10,Tom McClintock,R,130845,220133,0,350978,10529,89288,-89288,37.3%,62.7%,0.0%,25.4%,"89,288",x,Trump
California,CA-5,D+19,Mike Thompson,D,224526,67565,0,292091,8763,-156961,156961,76.9%,23.1%,0.0%,-53.7%,"-156,961",x,Clinton
California,CA-6,D+18,Doris Matsui,D,177565,57848,0,235413,7062,-119717,119717,75.4%,24.6%,0.0%,-50.9%,"-119,717",x,Clinton
California,CA-7,EVEN,Ami Bera,D,152133,145168,0,297301,8919,-6965,6965,51.2%,48.8%,0.0%,-2.3%,"-6,965",x,Clinton
California,CA-8,R+10,Paul Cook,R,83035,136972,0,220007,6600,53937,-53937,37.7%,62.3%,0.0%,24.5%,"53,937",x,Trump
California,CA-9,D+6,Jerry McNerney,D,133163,98992,0,232155,6965,-34171,34171,57.4%,42.6%,0.0%,-14.7%,"-34,171",x,Clinton
California,CA-10,R+1,Jeff Denham,R,116470,124671,0,241141,7234,8201,-8201,48.3%,51.7%,0.0%,3.4%,"8,201",x,Clinton
California,CA-11,D+17,Mark DeSaulnier,D,214868,83341,0,298209,8946,-131527,131527,72.1%,27.9%,0.0%,-44.1%,"-131,527",x,Clinton
California,CA-12,D+34,Nancy Pelosi,D,274035,0,64810,338845,10165,-209225,338845,80.9%,0.0%,19.1%,-80.9%,"-274,035",x,Clinton
California,CA-13,D+37,Barbara Lee,D,293117,29754,0,322871,9686,-263363,263363,90.8%,9.2%,0.0%,-81.6%,"-263,363",x,Clinton
California,CA-14,D+23,Jackie Speier,D,231630,54817,0,286447,8593,-176813,176813,80.9%,19.1%,0.0%,-61.7%,"-176,813",x,Clinton
California,CA-15,D+16,Eric Swalwell,D,198578,70619,0,269197,8076,-127959,127959,73.8%,26.2%,0.0%,-47.5%,"-127,959",x,Clinton
California,CA-16,D+7,Jim Costa,D,97473,70483,0,167956,5039,-26990,26990,58.0%,42.0%,0.0%,-16.1%,"-26,990",x,Clinton
California,CA-17,D+20,Ro Khanna,D,233192,0,0,233192,6996,-233192,233192,100.0%,0.0%,0.0%,-100.0%,"-233,192",x,Clinton
California,CA-18,D+18,Anna Eshoo,D,230460,93470,0,323930,9718,-136990,136990,71.1%,28.9%,0.0%,-42.3%,"-136,990",x,Clinton
California,CA-19,D+19,Zoe Lofgren,D,181802,64061,0,245863,7376,-117741,117741,73.9%,26.1%,0.0%,-47.9%,"-117,741",x,Clinton
California,CA-20,D+21,Jimmy Panetta,D,180980,74811,0,255791,7674,-106169,106169,70.8%,29.2%,0.0%,-41.5%,"-106,169",x,Clinton
California,CA-21,D+2,David Valadao,R,57282,75126,0,132408,3972,17844,-17844,43.3%,56.7%,0.0%,13.5%,"17,844",x,Clinton
California,CA-22,R+10,Devin Nunes,R,76211,158755,0,234966,7049,82544,-82544,32.4%,67.6%,0.0%,35.1%,"82,544",x,Trump
California,CA-23,R+16,Kevin McCarthy,R,74468,167116,0,241584,7248,92648,-92648,30.8%,69.2%,0.0%,38.4%,"92,648",x,Trump
California,CA-24,D+4,Salud Carbajal,D,166034,144780,0,310814,9324,-21254,21254,53.4%,46.6%,0.0%,-6.8%,"-21,254",x,Clinton
California,CA-25,R+3,Steve Knight,R,122406,138755,0,261161,7835,16349,-16349,46.9%,53.1%,0.0%,6.3%,"16,349",x,Clinton
California,CA-26,D+4,Julia Brownley,D,169248,111059,0,280307,8409,-58189,58189,60.4%,39.6%,0.0%,-20.8%,"-58,189",x,Clinton
California,CA-27,D+11,Judy Chu,D,168977,81655,0,250632,7519,-87322,87322,67.4%,32.6%,0.0%,-34.8%,"-87,322",x,Clinton
California,CA-28,D+20,Adam Schiff,D,210883,59526,0,270409,8112,-151357,151357,78.0%,22.0%,0.0%,-56.0%,"-151,357",x,Clinton
California,CA-29,D+25,Tony Cardenas,D,171824,0,0,171824,5155,-171824,171824,100.0%,0.0%,0.0%,-100.0%,"-171,824",x,Clinton
California,CA-30,D+14,Brad Sherman,D,205279,77325,0,282604,8478,-127954,127954,72.6%,27.4%,0.0%,-45.3%,"-127,954",x,Clinton
California,CA-31,D+5,Pete Aguilar,D,121070,94866,0,215936,6478,-26204,26204,56.1%,43.9%,0.0%,-12.1%,"-26,204",x,Clinton
California,CA-32,D+12,Grace Napolitano,D,186646,0,0,186646,5599,-186646,186646,100.0%,0.0%,0.0%,-100.0%,"-186,646",x,Clinton
California,CA-33,D+11,Ted Lieu,D,219397,110822,0,330219,9907,-108575,108575,66.4%,33.6%,0.0%,-32.9%,"-108,575",x,Clinton
California,CA-34,D+30,Xavier Becerra,D,159156,0,0,159156,4775,-159156,159156,100.0%,0.0%,0.0%,-100.0%,"-159,156",x,Clinton
California,CA-35,D+15,Norma Torres,D,124044,47309,0,171353,5141,-76735,76735,72.4%,27.6%,0.0%,-44.8%,"-76,735",x,Clinton
California,CA-36,R+1,Raul Ruiz,D,144348,88269,0,232617,6979,-56079,56079,62.1%,37.9%,0.0%,-24.1%,"-56,079",x,Clinton
California,CA-37,D+34,Karen Bass,D,237272,0,0,237272,7118,-237272,237272,100.0%,0.0%,0.0%,-100.0%,"-237,272",x,Clinton
California,CA-38,D+12,Linda Sanchez,D,163590,68524,0,232114,6963,-95066,95066,70.5%,29.5%,0.0%,-41.0%,"-95,066",x,Clinton
California,CA-39,R+5,Ed Royce,R,112679,150777,0,263456,7904,38098,-38098,42.8%,57.2%,0.0%,14.5%,"38,098",x,Clinton
California,CA-40,D+29,Lucille Roybal-Allard,D,106554,0,42743,149297,4479,-63811,149297,71.4%,0.0%,28.6%,-71.4%,"-106,554",x,Clinton
California,CA-41,D+9,Mark Takano,D,128164,69159,0,197323,5920,-59005,59005,65.0%,35.0%,0.0%,-29.9%,"-59,005",x,Clinton
California,CA-42,R+10,Ken Calvert,R,104689,149547,0,254236,7627,44858,-44858,41.2%,58.8%,0.0%,17.6%,"44,858",x,Trump
California,CA-43,D+26,Maxine Waters,D,167017,52499,0,219516,6585,-114518,114518,76.1%,23.9%,0.0%,-52.2%,"-114,518",x,Clinton
California,CA-44,D+32,Nanette Barragan,D,178413,0,0,178413,5352,-178413,178413,100.0%,0.0%,0.0%,-100.0%,"-178,413",x,Clinton
California,CA-45,R+7,Mimi Walters,R,129231,182618,0,311849,9355,53387,-53387,41.4%,58.6%,0.0%,17.1%,"53,387",x,Clinton
California,CA-46,D+9,Lou Correa,D,164593,0,0,164593,4938,-164593,164593,100.0%,0.0%,0.0%,-100.0%,"-164,593",x,Clinton
California,CA-47,D+8,Alan Lowenthal,D,154759,88109,0,242868,7286,-66650,66650,63.7%,36.3%,0.0%,-27.4%,"-66,650",x,Clinton
California,CA-48,R+7,Dana Rohrabacher,R,127715,178701,0,306416,9192,50986,-50986,41.7%,58.3%,0.0%,16.6%,"50,986",x,Clinton
California,CA-49,R+4,Darrell Issa,R,154267,155888,0,310155,9305,1621,-1621,49.7%,50.3%,0.0%,0.5%,"1,621",x,Clinton
California,CA-50,R+14,Duncan D. Hunter,R,103646,179937,0,283583,8507,76291,-76291,36.5%,63.5%,0.0%,26.9%,"76,291",x,Trump
California,CA-51,D+16,Juan Vargas,D,145162,54362,0,199524,5986,-90800,90800,72.8%,27.2%,0.0%,-45.5%,"-90,800",x,Clinton
California,CA-52,D+2,Scott Peters,D,181253,139403,0,320656,9620,-41850,41850,56.5%,43.5%,0.0%,-13.1%,"-41,850",x,Clinton
California,CA-53,D+10,Susan Davis,D,198988,97968,0,296956,8909,-101020,101020,67.0%,33.0%,0.0%,-34.0%,"-101,020",x,Clinton
Colorado,CO-1,D+18,Diana DeGette,D,257254,105030,16752,379036,11371,-135472,168976,67.9%,27.7%,4.4%,-40.2%,"-152,224",x,Clinton
Colorado,CO-2,D+8,Jared Polis,D,260175,170001,27136,457312,13719,-63038,117310,56.9%,37.2%,5.9%,-19.7%,"-90,174",x,Clinton
Colorado,CO-3,R+5,Scott Tipton,R,150914,204220,18903,374037,11221,72209,-34403,40.3%,54.6%,5.1%,14.3%,"53,306",x,Trump
Colorado,CO-4,R+11,Ken Buck,R,123642,248155,18752,390549,11716,143265,-105761,31.7%,63.5%,4.8%,31.9%,"124,513",x,Trump
Colorado,CO-5,R+13,Doug Lamborn,R,111676,225445,24872,361993,10860,138641,-88897,30.9%,62.3%,6.9%,31.4%,"113,769",x,Trump
Colorado,CO-6,D+1,Mike Coffman,R,160372,191626,24419,376417,11293,55673,-6835,42.6%,50.9%,6.5%,8.3%,"31,254",x,Clinton
Colorado,CO-7,D+5,Ed Perlmutter,D,199758,144066,18186,362010,10860,-37506,73878,55.2%,39.8%,5.0%,-15.4%,"-55,692",x,Clinton
Connecticut,CT-1,D+13,John Larson,D,200686,105674,6565,312925,9388,-88447,101577,64.1%,33.8%,2.1%,-30.4%,"-95,012",x,Clinton
Connecticut,CT-2,D+5,Joe Courtney,D,208818,111149,10290,330257,9908,-87379,107959,63.2%,33.7%,3.1%,-29.6%,"-97,669",x,Clinton
Connecticut,CT-3,D+11,Rosa DeLauro,D,213572,95786,21,309379,9281,-117765,117807,69.0%,31.0%,0.0%,-38.1%,"-117,786",x,Clinton
Connecticut,CT-4,D+5,Jim Himes,D,187811,125724,5,313540,9406,-62082,62092,59.9%,40.1%,0.0%,-19.8%,"-62,087",x,Clinton
Connecticut,CT-5,D+3,Elizabeth Etsy,D,179252,129801,29,309082,9272,-49422,49480,58.0%,42.0%,0.0%,-16.0%,"-49,451",x,Clinton
Delaware,DE-AL,D+8,Lisa Blunt Rochester,D,233554,172301,14762,420617,12619,-46491,76015,55.5%,41.0%,3.5%,-14.6%,"-61,253",x,Clinton
Florida,FL-1,R+21,Matt Gaetz,R,114079,255107,0,369186,11076,141028,-141028,30.9%,69.1%,0.0%,38.2%,"141,028",x,Trump
Florida,FL-2,R+18,Neal Dunn,R,102801,231163,9398,343362,10301,137760,-118964,29.9%,67.3%,2.7%,37.4%,"128,362",x,Trump
Florida,FL-3,R+9,Ted Yoho,R,136338,193843,12519,342700,10281,70024,-44986,39.8%,56.6%,3.7%,16.8%,"57,505",x,Trump
Florida,FL-4,R+19,John Rutherford,R,113088,287509,9065,409662,12290,183486,-165356,27.6%,70.2%,2.2%,42.6%,"174,421",x,Trump
Florida,FL-5,D+12,Al Lawson,D,194549,108325,0,302874,9086,-86224,86224,64.2%,35.8%,0.0%,-28.5%,"-86,224",x,Clinton
Florida,FL-6,R+4,Ron DeSantis,R,151051,213519,0,364570,10937,62468,-62468,41.4%,58.6%,0.0%,17.1%,"62,468",x,Trump
Florida,FL-7,R+2,Stephanie Murphy,D,182039,171583,33,353655,10610,-10423,10489,51.5%,48.5%,0.0%,-3.0%,"-10,456",x,Clinton
Florida,FL-8,R+9,Bill Posey,R,127127,246483,16951,390561,11717,136307,-102405,32.5%,63.1%,4.3%,30.6%,"119,356",x,Trump
Florida,FL-9,D+3,Darren Soto,D,195311,144450,0,339761,10193,-50861,50861,57.5%,42.5%,0.0%,-15.0%,"-50,861",x,Clinton
Florida,FL-10,D+9,Val Demings,D,198491,107498,0,305989,9180,-90993,90993,64.9%,35.1%,0.0%,-29.7%,"-90,993",x,Clinton
Florida,FL-11,R+11,Dan Webster,R,124713,258016,11990,394719,11842,145293,-121313,31.6%,65.4%,3.0%,33.8%,"133,303",x,Trump
Florida,FL-12,R+6,Gus Bilirakis,R,116110,253559,0,369669,11090,137449,-137449,31.4%,68.6%,0.0%,37.2%,"137,449",x,Trump
Florida,FL-13,D+3,Charlie Crist,D,184693,171149,0,355842,10675,-13544,13544,51.9%,48.1%,0.0%,-3.8%,"-13,544",x,Clinton
Florida,FL-14,D+6,Kathy Castor,D,195789,121088,0,316877,9506,-74701,74701,61.8%,38.2%,0.0%,-23.6%,"-74,701",x,Clinton
Florida,FL-15,R+6,Dennis Ross,R,135475,182999,0,318474,9554,47524,-47524,42.5%,57.5%,0.0%,14.9%,"47,524",x,Trump
Florida,FL-16,R+6,Vern Buchanan,R,155262,230654,0,385916,11577,75392,-75392,40.2%,59.8%,0.0%,19.5%,"75,392",x,Trump
Florida,FL-17,R+10,Tom Rooney,R,115974,209348,13353,338675,10160,106727,-80021,34.2%,61.8%,3.9%,27.6%,"93,374",x,Trump
Florida,FL-18,R+3,Brian Mast,R,161918,201488,12512,375918,11278,52082,-27058,43.1%,53.6%,3.3%,10.5%,"39,570",x,Trump
Florida,FL-19,R+12,Francis Rooney,R,123812,239225,129,363166,10895,115542,-115284,34.1%,65.9%,0.0%,31.8%,"115,413",x,Trump
Florida,FL-20,D+30,Alcee Hastings,D,222914,54646,0,277560,8327,-168268,168268,80.3%,19.7%,0.0%,-60.6%,"-168,268",x,Clinton
Florida,FL-21,D+10,Lois Frankel,D,210606,118038,7217,335861,10076,-85351,99785,62.7%,35.1%,2.1%,-27.6%,"-92,568",x,Clinton
Florida,FL-22,D+5,Ted Deutch,D,199113,138737,0,337850,10136,-60376,60376,58.9%,41.1%,0.0%,-17.9%,"-60,376",x,Clinton
Florida,FL-23,D+9,Debbie Wasserman Schultz,D,183225,130818,9077,323120,9694,-43330,61484,56.7%,40.5%,2.8%,-16.2%,"-52,407",x,Clinton
Florida,FL-24,D+33,Frederica Wilson,D,0,0,0,0,0,0,0,100.0%,0.0%,0.0%,-100.0%,0,x,Clinton
Florida,FL-25,R+10,Mario Diaz-Balart,R,95319,157921,0,253240,7597,62602,-62602,37.6%,62.4%,0.0%,24.7%,"62,602",x,Trump
Florida,FL-26,EVEN,Carlos Curbelo,R,115493,148547,16502,280542,8416,49556,-16552,41.2%,53.0%,5.9%,11.8%,"33,054",x,Clinton
Florida,FL-27,R+1,Ileana Ros-Lehtinen,R,129760,157917,0,287677,8630,28157,-28157,45.1%,54.9%,0.0%,9.8%,"28,157",x,Clinton
Georgia,GA-1,R+9,Buddy Carter,R,0,210243,0,210243,6307,210243,-210243,0.0%,100.0%,0.0%,100.0%,"210,243",x,Trump
Georgia,GA-2,D+6,Sanford Bishop,D,148543,94056,0,242599,7278,-54487,54487,61.2%,38.8%,0.0%,-22.5%,"-54,487",x,Clinton
Georgia,GA-3,R+19,Drew Ferguson,R,95969,207218,0,303187,9096,111249,-111249,31.7%,68.3%,0.0%,36.7%,"111,249",x,Trump
Georgia,GA-4,D+21,Hank Johnson,D,220146,70593,0,290739,8722,-149553,149553,75.7%,24.3%,0.0%,-51.4%,"-149,553",x,Clinton
Georgia,GA-5,D+32,John Lewis,D,253781,46768,0,300549,9016,-207013,207013,84.4%,15.6%,0.0%,-68.9%,"-207,013",x,Clinton
Georgia,GA-6,R+14,Tom Price,R,124917,201088,0,326005,9780,76171,-76171,38.3%,61.7%,0.0%,23.4%,"76,171",x,Trump
Georgia,GA-7,R+14,Rob Woodall,R,114220,174081,0,288301,8649,59861,-59861,39.6%,60.4%,0.0%,20.8%,"59,861",x,Trump
Georgia,GA-8,R+15,Austin Scott,R,83225,173983,0,257208,7716,90758,-90758,32.4%,67.6%,0.0%,35.3%,"90,758",x,Trump
Georgia,GA-9,R+30,Doug Collins,R,0,256535,0,256535,7696,256535,-256535,0.0%,100.0%,0.0%,100.0%,"256,535",x,Trump
Georgia,GA-10,R+14,Jody Hice,R,0,243725,0,243725,7312,243725,-243725,0.0%,100.0%,0.0%,100.0%,"243,725",x,Trump
Georgia,GA-11,R+19,Barry Loudermilk,R,105383,217935,0,323318,9700,112552,-112552,32.6%,67.4%,0.0%,34.8%,"112,552",x,Trump
Georgia,GA-12,R+9,Rick Allen,R,99420,159492,0,258912,7767,60072,-60072,38.4%,61.6%,0.0%,23.2%,"60,072",x,Trump
Georgia,GA-13,D+16,David Scott,D,252833,0,0,252833,7585,-252833,252833,100.0%,0.0%,0.0%,-100.0%,"-252,833",x,Clinton
Georgia,GA-14,R+26,Tom Graves,R,0,216743,0,216743,6502,216743,-216743,0.0%,100.0%,0.0%,100.0%,"216,743",x,Trump
Hawaii,HI-1,D+18,Colleen Hanabusa,D,145417,45958,10982,202357,6071,-88477,110441,71.9%,22.7%,5.4%,-49.2%,"-99,459",x,Clinton
Hawaii,HI-2,D+21,Tulsi Gabbard,D,170848,39668,0,210516,6315,-131180,131180,81.2%,18.8%,0.0%,-62.3%,"-131,180",x,Clinton
Idaho,ID-1,R+18,Raul Labrador,R,113052,242252,53,355357,10661,129253,-129147,31.8%,68.2%,0.0%,36.4%,"129,200",x,Trump
Idaho,ID-2,R+17,Mike Simpson,R,95940,205292,25005,326237,9787,134357,-84347,29.4%,62.9%,7.7%,33.5%,"109,352",x,Trump
Illinois,IL-1,D+28,Bobby Rush,D,234037,81817,8,315862,9476,-152212,152228,74.1%,25.9%,0.0%,-48.2%,"-152,220",x,Clinton
Illinois,IL-2,D+29,Robin Kelly,D,235051,59471,0,294522,8836,-175580,175580,79.8%,20.2%,0.0%,-59.6%,"-175,580",x,Clinton
Illinois,IL-3,D+5,Dan Lipinski,D,225320,0,91,225411,6762,-225229,225411,100.0%,0.0%,0.0%,-100.0%,"-225,320",x,Clinton
Illinois,IL-4,D+29,Luis Gutierrez,D,171297,0,0,171297,5139,-171297,171297,100.0%,0.0%,0.0%,-100.0%,"-171,297",x,Clinton
Illinois,IL-5,D+16,Mike Quigley,D,212842,86222,14660,313724,9412,-111960,141280,67.8%,27.5%,4.7%,-40.4%,"-126,620",x,Clinton
Illinois,IL-6,R+4,Peter Roskam,R,143591,208555,0,352146,10564,64964,-64964,40.8%,59.2%,0.0%,18.4%,"64,964",x,Clinton
Illinois,IL-7,D+36,Danny Davis,D,250584,46882,0,297466,8924,-203702,203702,84.2%,15.8%,0.0%,-68.5%,"-203,702",x,Clinton
Illinois,IL-8,D+8,Raja Krishnamoorthi,D,144954,103617,0,248571,7457,-41337,41337,58.3%,41.7%,0.0%,-16.6%,"-41,337",x,Clinton
Illinois,IL-9,D+15,Jan Schakowsky,D,217306,109550,92,326948,9808,-107664,107848,66.5%,33.5%,0.0%,-33.0%,"-107,756",x,Clinton
Illinois,IL-10,D+8,Brad Schneider,D,150435,135535,26,285996,8580,-14874,14926,52.6%,47.4%,0.0%,-5.2%,"-14,900",x,Clinton
Illinois,IL-11,D+8,Bill Foster,D,166578,108995,0,275573,8267,-57583,57583,60.4%,39.6%,0.0%,-20.9%,"-57,583",x,Clinton
Illinois,IL-12,EVEN,Mike Bost,R,124246,169976,18780,313002,9390,64510,-26950,39.7%,54.3%,6.0%,14.6%,"45,730",x,Trump
Illinois,IL-13,EVEN,Rodney Davis,R,126811,187583,0,314394,9432,60772,-60772,40.3%,59.7%,0.0%,19.3%,"60,772",x,Trump
Illinois,IL-14,R+5,Randy Hultgren,R,137589,200508,0,338097,10143,62919,-62919,40.7%,59.3%,0.0%,18.6%,"62,919",x,Trump
Illinois,IL-15,R+14,John Shimkus,R,0,274554,0,274554,8237,274554,-274554,0.0%,100.0%,0.0%,100.0%,"274,554",x,Trump
Illinois,IL-16,R+4,Adam Kinzinger,R,0,259722,131,259853,7796,259853,-259591,0.0%,99.9%,0.1%,99.9%,"259,722",x,Trump
Illinois,IL-17,D+7,Cheri Bustos,D,173125,113943,0,287068,8612,-59182,59182,60.3%,39.7%,0.0%,-20.6%,"-59,182",x,Trump
Illinois,IL-18,R+11,Darin LaHood,R,96770,250506,7,347283,10418,153743,-153729,27.9%,72.1%,0.0%,44.3%,"153,736",x,Trump
Indiana,IN-1,D+10,Peter Visclosky,D,207515,0,47068,254583,7637,-160447,254583,81.5%,0.0%,18.5%,-81.5%,"-207,515",x,Clinton
Indiana,IN-2,R+6,Jackie Walorski,R,102401,164355,10601,277357,8321,72555,-51353,36.9%,59.3%,3.8%,22.3%,"61,954",x,Trump
Indiana,IN-3,R+13,Jim Banks,R,66023,201396,19828,287247,8617,155201,-115545,23.0%,70.1%,6.9%,47.1%,"135,373",x,Trump
Indiana,IN-4,R+11,Todd Rokita,R,91256,193412,14766,299434,8983,116922,-87390,30.5%,64.6%,4.9%,34.1%,"102,156",x,Trump
Indiana,IN-5,R+9,Susan Brooks,R,123849,221957,15329,361135,10834,113437,-82779,34.3%,61.5%,4.2%,27.2%,"98,108",x,Trump
Indiana,IN-6,R+12,Luke Messer,R,79135,204920,12330,296385,8892,138115,-113455,26.7%,69.1%,4.2%,42.4%,"125,785",x,Trump
Indiana,IN-7,D+13,Andre Carson,D,158739,94456,11475,264670,7940,-52808,75758,60.0%,35.7%,4.3%,-24.3%,"-64,283",x,Clinton
Indiana,IN-8,R+8,Larry Bucshon,R,93356,187702,13655,294713,8841,108001,-80691,31.7%,63.7%,4.6%,32.0%,"94,346",x,Trump
Indiana,IN-9,R+9,Trey Hollingsworth,R,130627,174791,17425,322843,9685,61589,-26739,40.5%,54.1%,5.4%,13.7%,"44,164",x,Trump
Iowa,IA-1,D+5,Rod Blum,R,177403,206903,671,384977,11549,30171,-28829,46.1%,53.7%,0.2%,7.7%,"29,500",x,Trump
Iowa,IA-2,D+4,Dave Loebsack,D,198571,170933,528,370032,11101,-27110,28166,53.7%,46.2%,0.1%,-7.5%,"-27,638",x,Trump
Iowa,IA-3,EVEN,David Young ,R,155002,208598,26687,390287,11709,80283,-26909,39.7%,53.4%,6.8%,13.7%,"53,596",x,Trump
Iowa,IA-4,R+5,Steve King,R,142993,226719,547,370259,11108,84273,-83179,38.6%,61.2%,0.1%,22.6%,"83,726",x,Trump
Kansas,KS-1,R+23,Roger Marshall,R,0,169992,87979,257971,7739,257971,-82013,0.0%,65.9%,34.1%,65.9%,"169,992",x,Trump
Kansas,KS-2,R+8,Lynn Jenkins,R,96840,181228,19333,297401,8922,103721,-65055,32.6%,60.9%,6.5%,28.4%,"84,388",x,Trump
Kansas,KS-3,R+6,Kevin Yoder,R,139300,176022,27791,343113,10293,64513,-8931,40.6%,51.3%,8.1%,10.7%,"36,722",x,Clinton
Kansas,KS-4,R+14,Mike Pompeo,R,81495,166998,26758,275251,8258,112261,-58745,29.6%,60.7%,9.7%,31.1%,"85,503",x,Trump
Kentucky,KY-1,R+18,James Comer,R,81710,216959,332,299001,8970,135581,-134917,27.3%,72.6%,0.1%,45.2%,"135,249",x,Trump
Kentucky,KY-2,R+16,Brett Guthrie,R,0,251825,0,251825,7555,251825,-251825,0.0%,100.0%,0.0%,100.0%,"251,825",x,Trump
Kentucky,KY-3,D+4,John Yarmuth,D,212401,122093,0,334494,10035,-90308,90308,63.5%,36.5%,0.0%,-27.0%,"-90,308",x,Clinton
Kentucky,KY-4,R+16,Thomas Massie,R,94065,233922,0,327987,9840,139857,-139857,28.7%,71.3%,0.0%,42.6%,"139,857",x,Trump
Kentucky,KY-5,R+25,Hal Rogers,R,0,221242,0,221242,6637,221242,-221242,0.0%,100.0%,0.0%,100.0%,"221,242",x,Trump
Kentucky,KY-6,R+9,Andy Barr,R,128728,202099,0,330827,9925,73371,-73371,38.9%,61.1%,0.0%,22.2%,"73,371",x,Trump
Louisiana,LA-1,R+26,Steve Scalise,R,63785,243645,19358,326788,9804,199218,-160502,19.5%,74.6%,5.9%,55.0%,"179,860",x,Trump
Louisiana,LA-2,D+23,Cedric Richmond,D,284269,0,0,284269,8528,-284269,284269,100.0%,0.0%,0.0%,-100.0%,"-284,269",x,Clinton
Louisiana,LA-3,R+19,Clay Higgins,R,56215,258632,5607,320454,9614,208024,-196810,17.5%,80.7%,1.7%,63.2%,"202,417",x,Trump
Louisiana,LA-4,R+13,Mike Johnson,R,80593,199750,5642,285985,8580,124799,-113515,28.2%,69.8%,2.0%,41.7%,"119,157",x,Trump
Louisiana,LA-5,R+15,Ralph Abraham,R,0,255662,0,255662,7670,255662,-255662,0.0%,100.0%,0.0%,100.0%,"255,662",x,Trump
Louisiana,LA-6,R+21,Garret Graves,R,79202,241075,10821,331098,9933,172694,-151052,23.9%,72.8%,3.3%,48.9%,"161,873",x,Trump
Maine,ME-1,D+9,Chellie Pingree,D,227546,164569,276,392391,11772,-62701,63253,58.0%,41.9%,0.1%,-16.0%,"-62,977",x,Clinton
Maine,ME-2,D+2,Bruce Poliquin,R,159081,192878,224,352183,10565,34021,-33573,45.2%,54.8%,0.1%,9.6%,"33,797",x,Trump
Maryland,MD-1,R+14,Andy Harris,R,103622,242574,15901,362097,10863,154853,-123051,28.6%,67.0%,4.4%,38.4%,"138,952",x,Trump
Maryland,MD-2,D+10,Dutch Ruppersberger,D,192183,102577,14720,309480,9284,-74886,104326,62.1%,33.1%,4.8%,-29.0%,"-89,606",x,Clinton
Maryland,MD-3,D+9,John Sarbanes,D,214640,115048,9987,339675,10190,-89605,109579,63.2%,33.9%,2.9%,-29.3%,"-99,592",x,Clinton
Maryland,MD-4,D+26,Anthony Brown,D,237501,68670,14479,320650,9620,-154352,183310,74.1%,21.4%,4.5%,-52.7%,"-168,831",x,Clinton
Maryland,MD-5,D+14,Steny Hoyer,D,242989,105931,11714,360634,10819,-125344,148772,67.4%,29.4%,3.2%,-38.0%,"-137,058",x,Clinton
Maryland,MD-6,D+4,John Delaney,D,185770,133081,13122,331973,9959,-39567,65811,56.0%,40.1%,4.0%,-15.9%,"-52,689",x,Clinton
Maryland,MD-7,D+24,Elijah Cummings,D,238838,69556,10518,318912,9567,-158764,179800,74.9%,21.8%,3.3%,-53.1%,"-169,282",x,Clinton
Maryland,MD-8,D+11,Jamie Raskin,D,220657,124651,19016,364324,10930,-76990,115022,60.6%,34.2%,5.2%,-26.4%,"-96,006",x,Clinton
Massachusetts,MA-1,D+13,Richard Neal,D,235803,0,85736,321539,9646,-150067,321539,73.3%,0.0%,26.7%,-73.3%,"-235,803",x,Clinton
Massachusetts,MA-2,D+8,Jim McGovern,D,275487,0,4924,280411,8412,-270563,280411,98.2%,0.0%,1.8%,-98.2%,"-275,487",x,Clinton
Massachusetts,MA-3,D+6,Niki Tsongas,D,236713,107519,360,344592,10338,-128834,129554,68.7%,31.2%,0.1%,-37.5%,"-129,194",x,Clinton
Massachusetts,MA-4,D+6,Joe Kennedy,D,265823,113055,335,379213,11376,-152433,153103,70.1%,29.8%,0.1%,-40.3%,"-152,768",x,Clinton
Massachusetts,MA-5,D+14,Katherine Clark,D,285606,0,4201,289807,8694,-281405,289807,98.6%,0.0%,1.4%,-98.6%,"-285,606",x,Clinton
Massachusetts,MA-6,D+4,Seth Moulton,D,308923,0,5132,314055,9422,-303791,314055,98.4%,0.0%,1.6%,-98.4%,"-308,923",x,Clinton
Massachusetts,MA-7,D+31,Mike Capuano,D,253354,0,3557,256911,7707,-249797,256911,98.6%,0.0%,1.4%,-98.6%,"-253,354",x,Clinton
Massachusetts,MA-8,D+6,Stephen Lynch,D,271019,102744,502,374265,11228,-167773,168777,72.4%,27.5%,0.1%,-45.0%,"-168,275",x,Clinton
Massachusetts,MA-9,D+5,Bill Keating,D,211790,127803,40302,379895,11397,-43685,124289,55.7%,33.6%,10.6%,-22.1%,"-83,987",x,Clinton
Michigan,MI-1,R+5,Jack Bergman,R,144334,197777,18160,360271,10808,71603,-35283,40.1%,54.9%,5.0%,14.8%,"53,443",x,Trump
Michigan,MI-2,R+7,Bill Huizenga,R,110391,212508,16429,339328,10180,118546,-85688,32.5%,62.6%,4.8%,30.1%,"102,117",x,Trump
Michigan,MI-3,R+4,Justin Amash,R,128400,203545,10420,342365,10271,85565,-64725,37.5%,59.5%,3.0%,21.9%,"75,145",x,Trump
Michigan,MI-4,R+5,John Moolenaar,R,101277,194572,19902,315751,9473,113197,-73393,32.1%,61.6%,6.3%,29.5%,"93,295",x,Trump
Michigan,MI-5,D+10,Daniel Kildee,D,195279,112102,11910,319291,9579,-71267,95087,61.2%,35.1%,3.7%,-26.1%,"-83,177",x,Clinton
Michigan,MI-6,R+1,Fred Upton,R,119980,193246,16326,329552,9887,89592,-56940,36.4%,58.6%,5.0%,22.2%,"73,266",x,Trump
Michigan,MI-7,R+3,Tim Walberg,R,134010,184321,16476,334807,10044,66787,-33835,40.0%,55.1%,4.9%,15.0%,"50,311",x,Trump
Michigan,MI-8,R+2,Mike Bishop,R,143791,205629,17548,366968,11009,79386,-44290,39.2%,56.0%,4.8%,16.9%,"61,838",x,Trump
Michigan,MI-9,D+6,Sander Levin,D,199661,128937,16177,344775,10343,-54547,86901,57.9%,37.4%,4.7%,-20.5%,"-70,724",x,Clinton
Michigan,MI-10,R+6,Paul Mitchell,R,110112,215132,15739,340983,10229,120759,-89281,32.3%,63.1%,4.6%,30.8%,"105,020",x,Trump
Michigan,MI-11,R+4,Dave Trott,R,152461,200872,26155,379488,11385,74566,-22256,40.2%,52.9%,6.9%,12.8%,"48,411",x,Trump
Michigan,MI-12,D+15,Debbie Dingell,D,211378,96104,21060,328542,9856,-94214,136334,64.3%,29.3%,6.4%,-35.1%,"-115,274",x,Clinton
Michigan,MI-13,D+34,John Conyers,D,198771,40541,18485,257797,7734,-139745,176715,77.1%,15.7%,7.2%,-61.4%,"-158,230",x,Clinton
Michigan,MI-14,D+29,Brenda Lawrence,D,244135,58103,8736,310974,9329,-177296,194768,78.5%,18.7%,2.8%,-59.8%,"-186,032",x,Clinton
Minnesota,MN-1,R+1,Tim Walz,D,169074,166526,277,335877,10076,-2271,2825,50.3%,49.6%,0.1%,-0.8%,"-2,548",x,Trump
Minnesota,MN-2,R+2,Jason Lewis,R,167315,173970,29229,370514,11115,35884,22574,45.2%,47.0%,7.9%,1.8%,"6,655",x,Trump
Minnesota,MN-3,R+2,Erik Paulsen,R,169243,223077,1144,393464,11804,54978,-52690,43.0%,56.7%,0.3%,13.7%,"53,834",x,Clinton
Minnesota,MN-4,D+11,Betty McCollum,D,203299,121032,27613,351944,10558,-54654,109880,57.8%,34.4%,7.8%,-23.4%,"-82,267",x,Clinton
Minnesota,MN-5,D+22,Keith Ellison,D,249964,80660,31258,361882,10856,-138046,200562,69.1%,22.3%,8.6%,-46.8%,"-169,304",x,Clinton
Minnesota,MN-6,R+10,Tom Emmer,R,123008,235380,536,358924,10768,112908,-111836,34.3%,65.6%,0.1%,31.3%,"112,372",x,Trump
Minnesota,MN-7,R+6,Collin Peterson,D,173589,156952,307,330848,9925,-16330,16944,52.5%,47.4%,0.1%,-5.0%,"-16,637",x,Trump
Minnesota,MN-8,D+1,Rick Nolan,D,179098,177089,792,356979,10709,-1217,2801,50.2%,49.6%,0.2%,-0.6%,"-2,009",x,Trump
Mississippi,MS-1,R+16,Trent Kelly,R,83947,206455,10021,300423,9013,132529,-112487,27.9%,68.7%,3.3%,40.8%,"122,508",x,Trump
Mississippi,MS-2,D+13,Bennie Thompson,D,192343,83542,10741,286626,8599,-98060,119542,67.1%,29.1%,3.7%,-38.0%,"-108,801",x,Clinton
Mississippi,MS-3,R+14,Gregg Harper,R,96101,209490,10854,316445,9493,124243,-102535,30.4%,66.2%,3.4%,35.8%,"113,389",x,Trump
Mississippi,MS-4,R+21,Steven Palazzo,R,77505,181323,19951,278779,8363,123769,-83867,27.8%,65.0%,7.2%,37.2%,"103,818",x,Trump
Missouri,MO-1,D+28,Lacy Clay,D,236993,62714,14317,314024,9421,-159962,188596,75.5%,20.0%,4.6%,-55.5%,"-174,279",x,Clinton
Missouri,MO-2,R+8,Ann Wagner,R,155689,241954,15653,413296,12399,101918,-70612,37.7%,58.5%,3.8%,20.9%,"86,265",x,Trump
Missouri,MO-3,R+13,Blaine Luetkemeyer,R,102891,249865,15577,368333,11050,162551,-131397,27.9%,67.8%,4.2%,39.9%,"146,974",x,Trump
Missouri,MO-4,R+13,Vicky Hartzler,R,92510,225348,14376,332234,9967,147214,-118462,27.8%,67.8%,4.3%,40.0%,"132,838",x,Trump
Missouri,MO-5,D+9,Emanuel Cleaver,D,190766,123771,9733,324270,9728,-57262,76728,58.8%,38.2%,3.0%,-20.7%,"-66,995",x,Clinton
Missouri,MO-6,R+12,Sam Graves,R,99692,238388,12364,350444,10513,151060,-126332,28.4%,68.0%,3.5%,39.6%,"138,696",x,Trump
Missouri,MO-7,R+19,Billy Long,R,92756,228692,17159,338607,10158,153095,-118777,27.4%,67.5%,5.1%,40.1%,"135,936",x,Trump
Missouri,MO-8,R+17,Jason Smith,R,70009,229792,9070,308871,9266,168853,-150713,22.7%,74.4%,2.9%,51.7%,"159,783",x,Trump
Montana,MT-AL,R+7,Ryan Zinke,R,205919,285358,16554,507831,15235,95993,-62885,40.5%,56.2%,3.3%,15.6%,"79,439",x,Trump
Nebraska,NE-1,R+10,Jeff Fortenberry,R,83467,189771,0,273238,8197,106304,-106304,30.5%,69.5%,0.0%,38.9%,"106,304",x,Trump
Nebraska,NE-2,R+4,Don Bacon,R,137602,141066,9640,288308,8649,13104,6176,47.7%,48.9%,3.3%,1.2%,"3,464",x,Trump
Nebraska,NE-3,R+23,Adrian Smith,R,0,226720,0,226720,6802,226720,-226720,0.0%,100.0%,0.0%,100.0%,"226,720",x,Trump
Nevada,NV-1,D+14,Dina Titus,D,116537,54174,17641,188352,5651,-44722,80004,61.9%,28.8%,9.4%,-33.1%,"-62,363",x,Clinton
Nevada,NV-2,R+5,Mark Amodei,R,115722,182676,14938,313336,9400,81892,-52016,36.9%,58.3%,4.8%,21.4%,"66,954",x,Trump
Nevada,NV-3,EVEN,Jacky Rosen,D,146869,142926,21168,310963,9329,17225,25111,47.2%,46.0%,6.8%,-1.3%,"-3,943",x,Trump
Nevada,NV-4,D+4,Ruben Kihuen,D,128985,118328,18533,265846,7975,7876,29190,48.5%,44.5%,7.0%,-4.0%,"-10,657",x,Clinton
New Hampshire,NH-1,R+1,Carol Shea-Porter,D,161828,157011,34612,353451,10604,29795,39429,45.8%,44.4%,9.8%,-1.4%,"-4,817",x,Trump
New Hampshire,NH-2,D+3,Annie Kuster,D,174386,158960,16843,350189,10506,1417,32269,49.8%,45.4%,4.8%,-4.4%,"-15,426",x,Clinton
New Jersey,NJ-1,D+13,Donald Norcross,D,183231,112388,9854,305473,9164,-60989,80697,60.0%,36.8%,3.2%,-23.2%,"-70,843",x,Clinton
New Jersey,NJ-2,D+1,Frank LoBiondo,R,110838,176338,10619,297795,8934,76119,-54881,37.2%,59.2%,3.6%,22.0%,"65,500",x,Trump
New Jersey,NJ-3,R+1,Tom MacArthur,R,127526,194596,5938,328060,9842,73008,-61132,38.9%,59.3%,1.8%,20.4%,"67,070",x,Trump
New Jersey,NJ-4,R+7,Chris Smith,R,111532,211992,9160,332684,9981,109620,-91300,33.5%,63.7%,2.8%,30.2%,"100,460",x,Trump
New Jersey,NJ-5,R+4,Josh Gottheimer,D,172587,157690,7424,337701,10131,-7473,22321,51.1%,46.7%,2.2%,-4.4%,"-14,897",x,Trump
New Jersey,NJ-6,D+8,Frank Pallone,D,167895,91908,3632,263435,7903,-72355,79619,63.7%,34.9%,1.4%,-28.8%,"-75,987",x,Clinton
New Jersey,NJ-7,R+6,Leonard Lance,R,148188,185850,9597,343635,10309,47259,-28065,43.1%,54.1%,2.8%,11.0%,"37,662",x,Clinton
New Jersey,NJ-8,D+24,Albio Sires,D,134733,32337,7819,174889,5247,-94577,110215,77.0%,18.5%,4.5%,-58.5%,"-102,396",x,Clinton
New Jersey,NJ-9,D+14,Bill Pascrell,D,162642,65376,5224,233242,6997,-92042,102490,69.7%,28.0%,2.2%,-41.7%,"-97,266",x,Clinton
New Jersey,NJ-10,D+34,Donald Payne Jr.,D,190856,26450,5465,222771,6683,-158941,169871,85.7%,11.9%,2.5%,-73.8%,"-164,406",x,Clinton
New Jersey,NJ-11,R+6,Rodney Frelinghuysen,R,130162,194299,10531,334992,10050,74668,-53606,38.9%,58.0%,3.1%,19.1%,"64,137",x,Trump
New Jersey,NJ-12,D+14,Bonnie Watson Coleman,D,181430,92407,14797,288634,8659,-74226,103820,62.9%,32.0%,5.1%,-30.8%,"-89,023",x,Clinton
New Mexico,NM-1,D+7,Michelle Lujan Grisham,D,181088,96879,0,277967,8339,-84209,84209,65.1%,34.9%,0.0%,-30.3%,"-84,209",x,Clinton
New Mexico,NM-2,R+5,Steve Pearce,R,85232,143514,67,228813,6864,58349,-58215,37.2%,62.7%,0.0%,25.5%,"58,282",x,Trump
New Mexico,NM-3,D+8,Ben R. Lujan,D,170612,102730,0,273342,8200,-67882,67882,62.4%,37.6%,0.0%,-24.8%,"-67,882",x,Clinton
New York,NY-1,R+2,Lee Zeldin,R,135278,188499,113,323890,9717,53334,-53108,41.8%,58.2%,0.0%,16.4%,"53,221",x,Trump
New York,NY-2,R+1,Peter King,R,110938,181506,151,292595,8778,70719,-70417,37.9%,62.0%,0.1%,24.1%,"70,568",x,Trump
New York,NY-3,EVEN,Tom Suozzi,D,171775,152304,175,324254,9728,-19296,19646,53.0%,47.0%,0.1%,-6.0%,"-19,471",x,Clinton
New York,NY-4,D+3,Kathleen Rice,D,186423,126438,139,313000,9390,-59846,60124,59.6%,40.4%,0.0%,-19.2%,"-59,985",x,Clinton
New York,NY-5,D+35,Gregory Meeks,D,199815,30312,3726,233853,7016,-165777,173229,85.4%,13.0%,1.6%,-72.5%,"-169,503",x,Clinton
New York,NY-6,D+13,Grace Meng,D,136506,50617,2310,189433,5683,-83579,88199,72.1%,26.7%,1.2%,-45.3%,"-85,889",x,Clinton
New York,NY-7,D+34,Nydia Velazquez,D,172146,17478,266,189890,5697,-154402,154934,90.7%,9.2%,0.1%,-81.5%,"-154,668",x,Clinton
New York,NY-8,D+35,Hakeem Jeffries,D,214595,0,15608,230203,6906,-198987,230203,93.2%,0.0%,6.8%,-93.2%,"-214,595",x,Clinton
New York,NY-9,D+32,Yvette Clarke,D,214189,0,17905,232094,6963,-196284,232094,92.3%,0.0%,7.7%,-92.3%,"-214,189",x,Clinton
New York,NY-10,D+23,Jerrold Nadler,D,192371,53857,297,246525,7396,-138217,138811,78.0%,21.8%,0.1%,-56.2%,"-138,514",x,Clinton
New York,NY-11,R+2,Daniel Donovan,R,85257,142934,4126,232317,6970,61803,-53551,36.7%,61.5%,1.8%,24.8%,"57,677",x,Trump
New York,NY-12,D+27,Carolyn Maloney,D,244358,49399,314,294071,8822,-194645,195273,83.1%,16.8%,0.1%,-66.3%,"-194,959",x,Clinton
New York,NY-13,D+42,Adriano Espaillat,D,207194,16089,10454,233737,7012,-180651,201559,88.6%,6.9%,4.5%,-81.8%,"-191,105",x,Clinton
New York,NY-14,D+26,Joe Crowley,D,147587,30545,191,178323,5350,-116851,117233,82.8%,17.1%,0.1%,-65.6%,"-117,042",x,Clinton
New York,NY-15,D+43,Jose E. Serrano,D,165688,6129,2219,174036,5221,-157340,161778,95.2%,3.5%,1.3%,-91.7%,"-159,559",x,Clinton
New York,NY-16,D+21,Eliot Engel,D,209857,0,12373,222230,6667,-197484,222230,94.4%,0.0%,5.6%,-94.4%,"-209,857",x,Clinton
New York,NY-17,D+5,Nita Lowey,D,214530,0,2055,216585,6498,-212475,216585,99.1%,0.0%,0.9%,-99.1%,"-214,530",x,Clinton
New York,NY-18,EVEN,Sean Patrick Maloney,D,162060,129369,98,291527,8746,-32593,32789,55.6%,44.4%,0.0%,-11.2%,"-32,691",x,Trump
New York,NY-19,D+1,John Faso,R,141224,166171,219,307614,9228,25166,-24728,45.9%,54.0%,0.1%,8.1%,"24,947",x,Trump
New York,NY-20,D+7,Paul Tonko,D,213018,100740,181,313939,9418,-112097,112459,67.9%,32.1%,0.1%,-35.8%,"-112,278",x,Clinton
New York,NY-21,EVEN,Elise Stefanik,R,82161,177886,12559,272606,8178,108284,-83166,30.1%,65.3%,4.6%,35.1%,"95,725",x,Trump
New York,NY-22,R+3,Claudia Tenney,R,114266,129444,34821,278531,8356,49999,19643,41.0%,46.5%,12.5%,5.4%,"15,178",x,Trump
New York,NY-23,R+3,Tom Reed,R,118584,161050,101,279735,8392,42567,-42365,42.4%,57.6%,0.0%,15.2%,"42,466",x,Trump
New York,NY-24,D+5,John Katko,R,119040,182761,314,302115,9063,64035,-63407,39.4%,60.5%,0.1%,21.1%,"63,721",x,Clinton
New York,NY-25,D+7,Louise M. Slaughter,D,182950,142650,231,325831,9775,-40069,40531,56.1%,43.8%,0.1%,-12.4%,"-40,300",x,Clinton
New York,NY-26,D+12,Brian Higgins,D,215289,73377,13,288679,8660,-141899,141925,74.6%,25.4%,0.0%,-49.2%,"-141,912",x,Clinton
New York,NY-27,R+8,Chris Collins,R,107832,220885,92,328809,9864,113145,-112961,32.8%,67.2%,0.0%,34.4%,"113,053",x,Trump
North Carolina,NC-1,D+15,G.K. Butterfield,D,240661,101567,8471,350699,10521,-130623,147565,68.6%,29.0%,2.4%,-39.7%,"-139,094",x,Clinton
North Carolina,NC-2,R+8,George Holding,R,169082,221485,0,390567,11717,52403,-52403,43.3%,56.7%,0.0%,13.4%,"52,403",x,Trump
North Carolina,NC-3,R+11,Walter Jones,R,106170,217531,0,323701,9711,111361,-111361,32.8%,67.2%,0.0%,34.4%,"111,361",x,Trump
North Carolina,NC-4,D+13,David Price,D,279380,130161,0,409541,12286,-149219,149219,68.2%,31.8%,0.0%,-36.4%,"-149,219",x,Clinton
North Carolina,NC-5,R+9,Virginia Foxx,R,147887,207625,0,355512,10665,59738,-59738,41.6%,58.4%,0.0%,16.8%,"59,738",x,Trump
North Carolina,NC-6,R+10,Mark Walker,R,143167,207983,0,351150,10535,64816,-64816,40.8%,59.2%,0.0%,18.5%,"64,816",x,Trump
North Carolina,NC-7,R+9,David Rouzer,R,135905,211801,0,347706,10431,75896,-75896,39.1%,60.9%,0.0%,21.8%,"75,896",x,Trump
North Carolina,NC-8,R+8,Richard Hudson,R,133182,189863,0,323045,9691,56681,-56681,41.2%,58.8%,0.0%,17.5%,"56,681",x,Trump
North Carolina,NC-9,R+8,Robert Pittenger,R,139041,193452,0,332493,9975,54411,-54411,41.8%,58.2%,0.0%,16.4%,"54,411",x,Trump
North Carolina,NC-10,R+11,Patrick McHenry,R,128919,220825,0,349744,10492,91906,-91906,36.9%,63.1%,0.0%,26.3%,"91,906",x,Trump
North Carolina,NC-11,R+12,Mark Meadows,R,129103,230405,0,359508,10785,101302,-101302,35.9%,64.1%,0.0%,28.2%,"101,302",x,Trump
North Carolina,NC-12,D+16,Alma Adams,D,234115,115185,0,349300,10479,-118930,118930,67.0%,33.0%,0.0%,-34.0%,"-118,930",x,Clinton
North Carolina,NC-13,R+5,Ted Budd,R,156049,199443,0,355492,10665,43394,-43394,43.9%,56.1%,0.0%,12.2%,"43,394",x,Trump
North Dakota,ND-AL,R+10,Kevin Cramer,R,80377,233980,24102,338459,10154,177705,-129501,23.7%,69.1%,7.1%,45.4%,"153,603",x,Trump
Ohio,OH-1,R+6,Steve Chabot,R,144644,210014,130,354788,10644,65500,-65240,40.8%,59.2%,0.0%,18.4%,"65,370",x,Trump
Ohio,OH-2,R+8,Brad Wenstrup,R,111694,221193,7392,340279,10208,116891,-102107,32.8%,65.0%,2.2%,32.2%,"109,499",x,Trump
Ohio,OH-3,D+17,Joyce Beatty,D,199791,91560,0,291351,8741,-108231,108231,68.6%,31.4%,0.0%,-37.1%,"-108,231",x,Clinton
Ohio,OH-4,R+9,Jim Jordan,R,98981,210227,0,309208,9276,111246,-111246,32.0%,68.0%,0.0%,36.0%,"111,246",x,Trump
Ohio,OH-5,R+7,Bob Latta,R,100392,244599,0,344991,10350,144207,-144207,29.1%,70.9%,0.0%,41.8%,"144,207",x,Trump
Ohio,OH-6,R+8,Bill Johnson,R,88780,213975,0,302755,9083,125195,-125195,29.3%,70.7%,0.0%,41.4%,"125,195",x,Trump
Ohio,OH-7,R+6,Bob Gibbs,R,89638,198221,21694,309553,9287,130277,-86889,29.0%,64.0%,7.0%,35.1%,"108,583",x,Trump
Ohio,OH-8,R+15,Warren Davidson,R,87794,223833,13879,325506,9765,149918,-122160,27.0%,68.8%,4.3%,41.8%,"136,039",x,Trump
Ohio,OH-9,D+15,Marcy Kaptur,D,193966,88427,5,282398,8472,-105534,105544,68.7%,31.3%,0.0%,-37.4%,"-105,539",x,Clinton
Ohio,OH-10,R+3,Mike Turner,R,109981,215724,10897,336602,10098,116640,-94846,32.7%,64.1%,3.2%,31.4%,"105,743",x,Trump
Ohio,OH-11,D+30,Marcia Fudge,D,242917,59769,0,302686,9081,-183148,183148,80.3%,19.7%,0.0%,-60.5%,"-183,148",x,Clinton
Ohio,OH-12,R+8,Pat Tiberi,R,112638,251266,13630,377534,11326,152258,-124998,29.8%,66.6%,3.6%,36.7%,"138,628",x,Trump
Ohio,OH-13,D+11,Tim Ryan,D,208610,99377,17,308004,9240,-109216,109250,67.7%,32.3%,0.0%,-35.5%,"-109,233",x,Clinton
Ohio,OH-14,R+4,David Joyce,R,130907,219191,171,350269,10508,88455,-88113,37.4%,62.6%,0.0%,25.2%,"88,284",x,Trump
Ohio,OH-15,R+6,Steve Stivers,R,113960,222847,0,336807,10104,108887,-108887,33.8%,66.2%,0.0%,32.3%,"108,887",x,Trump
Ohio,OH-16,R+6,Jim Renacci,R,119830,225794,0,345624,10369,105964,-105964,34.7%,65.3%,0.0%,30.7%,"105,964",x,Trump
Oklahoma,OK-1,R+18,Jim Bridenstine,R,0,0,0,0,0,0,0,0.0%,100.0%,0.0%,100.0%,0,x,Trump
Oklahoma,OK-2,R+20,Markwayne Mullin,R,62387,189839,16644,268870,8066,144096,-110808,23.2%,70.6%,6.2%,47.4%,"127,452",x,Trump
Oklahoma,OK-3,R+26,Frank Lucas,R,63090,227525,0,290615,8718,164435,-164435,21.7%,78.3%,0.0%,56.6%,"164,435",x,Trump
Oklahoma,OK-4,R+19,Tom Cole,R,76472,204143,12574,293189,8796,140245,-115097,26.1%,69.6%,4.3%,43.5%,"127,671",x,Trump
Oklahoma,OK-5,R+12,Steve Russell,R,103273,160184,17113,280570,8417,74024,-39798,36.8%,57.1%,6.1%,20.3%,"56,911",x,Trump
Oregon,OR-1,D+7,Suzanne Bonamici,D,225391,139756,12948,378095,11343,-72687,98583,59.6%,37.0%,3.4%,-22.6%,"-85,635",x,Clinton
Oregon,OR-2,R+10,Greg Walden,R,106640,272952,1147,380739,11422,167459,-165165,28.0%,71.7%,0.3%,43.7%,"166,312",x,Trump
Oregon,OR-3,D+22,Earl Blumenauer,D,274687,0,107668,382355,11471,-167019,382355,71.8%,0.0%,28.2%,-71.8%,"-274,687",x,Clinton
Oregon,OR-4,D+2,Peter DeFazio,D,220628,157743,19197,397568,11927,-43688,82082,55.5%,39.7%,4.8%,-15.8%,"-62,885",x,Clinton
Oregon,OR-5,EVEN,Kurt Schrader,D,199505,160443,13160,373108,11193,-25902,52222,53.5%,43.0%,3.5%,-10.5%,"-39,062",x,Clinton
Pennsylvania,PA-1,D+28,Robert Brady,D,245791,53219,0,299010,8970,-192572,192572,82.2%,17.8%,0.0%,-64.4%,"-192,572",x,Clinton
Pennsylvania,PA-2,D+38,Dwight Evans,D,322514,35131,0,357645,10729,-287383,287383,90.2%,9.8%,0.0%,-80.4%,"-287,383",x,Clinton
Pennsylvania,PA-3,R+8,Mike Kelly,R,0,244893,0,244893,7347,244893,-244893,0.0%,100.0%,0.0%,100.0%,"244,893",x,Trump
Pennsylvania,PA-4,R+9,Scott Perry,R,113372,220628,0,334000,10020,107256,-107256,33.9%,66.1%,0.0%,32.1%,"107,256",x,Trump
Pennsylvania,PA-5,R+8,Glenn Thompson,R,101082,206751,0,307833,9235,105669,-105669,32.8%,67.2%,0.0%,34.3%,"105,669",x,Trump
Pennsylvania,PA-6,R+2,Ryan Costello,R,153632,206414,0,360046,10801,52782,-52782,42.7%,57.3%,0.0%,14.7%,"52,782",x,Clinton
Pennsylvania,PA-7,R+2,Patrick Meehan,R,153824,225678,0,379502,11385,71854,-71854,40.5%,59.5%,0.0%,18.9%,"71,854",x,Clinton
Pennsylvania,PA-8,R+1,Brian Fitzpatrick,R,173555,207469,0,381024,11431,33914,-33914,45.5%,54.5%,0.0%,8.9%,"33,914",x,Trump
Pennsylvania,PA-9,R+14,Bill Shuster,R,107985,186580,0,294565,8837,78595,-78595,36.7%,63.3%,0.0%,26.7%,"78,595",x,Trump
Pennsylvania,PA-10,R+12,Tom Marino,R,89823,211282,0,301105,9033,121459,-121459,29.8%,70.2%,0.0%,40.3%,"121,459",x,Trump
Pennsylvania,PA-11,R+6,Lou Barletta,R,113800,199421,0,313221,9397,85621,-85621,36.3%,63.7%,0.0%,27.3%,"85,621",x,Trump
Pennsylvania,PA-12,R+9,Keith Rothfus,R,137353,221851,0,359204,10776,84498,-84498,38.2%,61.8%,0.0%,23.5%,"84,498",x,Trump
Pennsylvania,PA-13,D+13,Brendan Boyle,D,239316,0,0,239316,7179,-239316,239316,100.0%,0.0%,0.0%,-100.0%,"-239,316",x,Clinton
Pennsylvania,PA-14,D+15,Mike Doyle,D,255293,87999,0,343292,10299,-167294,167294,74.4%,25.6%,0.0%,-48.7%,"-167,294",x,Clinton
Pennsylvania,PA-15,R+2,Charles Dent,R,124129,190618,11727,326474,9794,78216,-54762,38.0%,58.4%,3.6%,20.4%,"66,489",x,Trump
Pennsylvania,PA-16,R+4,Lloyd Smucker,R,134586,168669,10518,313773,9413,44601,-23565,42.9%,53.8%,3.4%,10.9%,"34,083",x,Trump
Pennsylvania,PA-17,D+4,Matthew Cartwright,D,157734,135430,0,293164,8795,-22304,22304,53.8%,46.2%,0.0%,-7.6%,"-22,304",x,Trump
Pennsylvania,PA-18,R+10,Tim Murphy,R,0,293684,0,293684,8811,293684,-293684,0.0%,100.0%,0.0%,100.0%,"293,684",x,Trump
Rhode Island,RI-1,D+15,David Cicilline,D,130534,71023,814,202371,6071,-58697,60325,64.5%,35.1%,0.4%,-29.4%,"-59,511",x,Clinton
Rhode Island,RI-2,D+8,Jim Langevin,D,133108,70301,25739,229148,6874,-37068,88546,58.1%,30.7%,11.2%,-27.4%,"-62,807",x,Clinton
South Carolina,SC-1,R+11,Mark Sanford,R,119779,190410,14981,325170,9755,85612,-55650,36.8%,58.6%,4.6%,21.7%,"70,631",x,Trump
South Carolina,SC-2,R+16,Joe Wilson,R,109452,183746,11798,304996,9150,86092,-62496,35.9%,60.2%,3.9%,24.4%,"74,294",x,Trump
South Carolina,SC-3,R+18,Jeff Duncan,R,72933,196325,282,269540,8086,123674,-123110,27.1%,72.8%,0.1%,45.8%,"123,392",x,Trump
South Carolina,SC-4,R+15,Trey Gowdy,R,91676,198648,5346,295670,8870,112318,-101626,31.0%,67.2%,1.8%,36.2%,"106,972",x,Trump
South Carolina,SC-5,R+9,Mick Mulvaney,R,105772,161669,5565,273006,8190,61462,-50332,38.7%,59.2%,2.0%,20.5%,"55,897",x,Trump
South Carolina,SC-6,D+21,Jim Clyburn,D,177947,70099,5855,253901,7617,-101993,113703,70.1%,27.6%,2.3%,-42.5%,"-107,848",x,Clinton
South Carolina,SC-7,R+7,Tom Rice,R,112744,176468,251,289463,8684,63975,-63473,38.9%,61.0%,0.1%,22.0%,"63,724",x,Trump
South Dakota,SD-AL,R+10,Kristi Noem,R,132810,237163,0,369973,11099,104353,-104353,35.9%,64.1%,0.0%,28.2%,"104,353",x,Trump
Tennessee,TN-1,R+25,Phil Roe,R,39024,198293,15708,253025,7591,174977,-143561,15.4%,78.4%,6.2%,62.9%,"159,269",x,Trump
Tennessee,TN-2,R+20,John Duncan,R,68401,212455,0,280856,8426,144054,-144054,24.4%,75.6%,0.0%,51.3%,"144,054",x,Trump
Tennessee,TN-3,R+16,Chuck Fleischmann,R,76727,176613,12666,266006,7980,112552,-87220,28.8%,66.4%,4.8%,37.6%,"99,886",x,Trump
Tennessee,TN-4,R+18,Scott DesJarlais,R,89141,165796,0,254937,7648,76655,-76655,35.0%,65.0%,0.0%,30.1%,"76,655",x,Trump
Tennessee,TN-5,D+5,Jim Cooper,D,171111,102433,0,273544,8206,-68678,68678,62.6%,37.4%,0.0%,-25.1%,"-68,678",x,Clinton
Tennessee,TN-6,R+21,Diane Black,R,61995,202234,20261,284490,8535,160500,-119978,21.8%,71.1%,7.1%,49.3%,"140,239",x,Trump
Tennessee,TN-7,R+18,Marsha Blackburn,R,65226,200407,11880,277513,8325,147061,-123301,23.5%,72.2%,4.3%,48.7%,"135,181",x,Trump
Tennessee,TN-8,R+19,David Kustoff,R,70925,194386,17422,282733,8482,140883,-106039,25.1%,68.8%,6.2%,43.7%,"123,461",x,Trump
Tennessee,TN-9,D+25,Steve Cohen,D,171631,41123,5203,217957,6539,-125305,135711,78.7%,18.9%,2.4%,-59.9%,"-130,508",x,Clinton
Texas,TX-1,R+24,Louie Gohmert,R,62847,192434,5128,260409,7812,134715,-124459,24.1%,73.9%,2.0%,49.8%,"129,587",x,Trump
Texas,TX-2,R+16,Ted Poe,R,100231,168692,9313,278236,8347,77774,-59148,36.0%,60.6%,3.3%,24.6%,"68,461",x,Trump
Texas,TX-3,R+17,Sam Johnson,R,109420,193684,13363,316467,9494,97627,-70901,34.6%,61.2%,4.2%,26.6%,"84,264",x,Trump
Texas,TX-4,R+25,John Ratcliffe,R,0,216643,29577,246220,7387,246220,-187066,0.0%,88.0%,12.0%,88.0%,"216,643",x,Trump
Texas,TX-5,R+17,Jeb Hensarling,R,0,155469,37406,192875,5786,192875,-118063,0.0%,80.6%,19.4%,80.6%,"155,469",x,Trump
Texas,TX-6,R+11,Joe Barton,R,106667,159444,7185,273296,8199,59962,-45592,39.0%,58.3%,2.6%,19.3%,"52,777",x,Trump
Texas,TX-7,R+13,John Culberson,R,111991,143542,0,255533,7666,31551,-31551,43.8%,56.2%,0.0%,12.3%,"31,551",x,Clinton
Texas,TX-8,R+29,Kevin Brady,R,0,236379,0,236379,7091,236379,-236379,0.0%,100.0%,0.0%,100.0%,"236,379",x,Trump
Texas,TX-9,D+25,Al Green,D,152032,36491,0,188523,5656,-115541,115541,80.6%,19.4%,0.0%,-61.3%,"-115,541",x,Clinton
Texas,TX-10,R+11,Michael McCaul,R,120170,179221,13209,312600,9378,72260,-45842,38.4%,57.3%,4.2%,18.9%,"59,051",x,Trump
Texas,TX-11,R+31,Mike Conaway,R,0,201871,23677,225548,6766,225548,-178194,0.0%,89.5%,10.5%,89.5%,"201,871",x,Trump
Texas,TX-12,R+19,Kay Granger,R,76029,196482,10604,283115,8493,131057,-109849,26.9%,69.4%,3.7%,42.5%,"120,453",x,Trump
Texas,TX-13,R+32,Mac Thornberry,R,0,199050,22192,221242,6637,221242,-176858,0.0%,90.0%,10.0%,90.0%,"199,050",x,Trump
Texas,TX-14,R+12,Randy Weber,R,99054,160631,0,259685,7791,61577,-61577,38.1%,61.9%,0.0%,23.7%,"61,577",x,Trump
Texas,TX-15,D+5,Vicente Gonzalez,D,101712,66877,8890,177479,5324,-25945,43725,57.3%,37.7%,5.0%,-19.6%,"-34,835",x,Clinton
Texas,TX-16,D+12,Beto O'Rourke,D,150228,0,25001,175229,5257,-125227,175229,85.7%,0.0%,14.3%,-85.7%,"-150,228",x,Clinton
Texas,TX-17,R+13,Bill Flores,R,86603,149417,9708,245728,7372,72522,-53106,35.2%,60.8%,4.0%,25.6%,"62,814",x,Trump
Texas,TX-18,D+24,Sheila Jackson Lee,D,150157,48306,5845,204308,6129,-96006,107696,73.5%,23.6%,2.9%,-49.9%,"-101,851",x,Clinton
Texas,TX-19,R+26,Jodey Arrington,R,0,176314,27161,203475,6104,203475,-149153,0.0%,86.7%,13.3%,86.7%,"176,314",x,Trump
Texas,TX-20,D+6,Joaquin Castro,D,149640,0,38029,187669,5630,-111611,187669,79.7%,0.0%,20.3%,-79.7%,"-149,640",x,Clinton
Texas,TX-21,R+12,Lamar Smith,R,129765,202967,23299,356031,10681,96501,-49903,36.4%,57.0%,6.5%,20.6%,"73,202",x,Trump
Texas,TX-22,R+15,Pete Olson,R,123679,181864,0,305543,9166,58185,-58185,40.5%,59.5%,0.0%,19.0%,"58,185",x,Trump
Texas,TX-23,R+3,Will Hurd,R,107526,110577,10862,228965,6869,13913,7811,47.0%,48.3%,4.7%,1.3%,"3,051",x,Clinton
Texas,TX-24,R+13,Kenny Marchant,R,108389,154845,12401,275635,8269,58857,-34055,39.3%,56.2%,4.5%,16.9%,"46,456",x,Trump
Texas,TX-25,R+12,Roger Williams,R,117073,180988,12135,310196,9306,76050,-51780,37.7%,58.3%,3.9%,20.6%,"63,915",x,Trump
Texas,TX-26,R+20,Michael Burgess,R,94507,211730,12843,319080,9572,130066,-104380,29.6%,66.4%,4.0%,36.7%,"117,223",x,Trump
Texas,TX-27,R+13,Blake Farenthold,R,88329,142251,0,230580,6917,53922,-53922,38.3%,61.7%,0.0%,23.4%,"53,922",x,Trump
Texas,TX-28,D+7,Henry Cuellar,D,122086,57740,4616,184442,5533,-59730,68962,66.2%,31.3%,2.5%,-34.9%,"-64,346",x,Clinton
Texas,TX-29,D+12,Gene Green,D,95649,31646,4687,131982,3959,-59316,68690,72.5%,24.0%,3.6%,-48.5%,"-64,003",x,Clinton
Texas,TX-30,D+27,Eddie Bernice Johnson,D,170502,31518,6806,208826,6265,-132178,145790,81.6%,15.1%,3.3%,-66.6%,"-138,984",x,Clinton
Texas,TX-31,R+12,John Carter,R,103852,166060,14676,284588,8538,76884,-47532,36.5%,58.4%,5.2%,21.9%,"62,208",x,Trump
Texas,TX-32,R+10,Pete Sessions,R,0,162868,66303,229171,6875,229171,-96565,0.0%,71.1%,28.9%,71.1%,"162,868",x,Clinton
Texas,TX-33,D+18,Marc Veasey,D,93147,33222,0,126369,3791,-59925,59925,73.7%,26.3%,0.0%,-47.4%,"-59,925",x,Clinton
Texas,TX-34,D+8,Filemon Vela,D,104638,62323,0,166961,5009,-42315,42315,62.7%,37.3%,0.0%,-25.3%,"-42,315",x,Clinton
Texas,TX-35,D+11,Lloyd Doggett,D,124612,62384,10580,197576,5927,-51648,72808,63.1%,31.6%,5.4%,-31.5%,"-62,228",x,Clinton
Texas,TX-36,R+25,Brian Babin,R,0,193675,24890,218565,6557,218565,-168785,0.0%,88.6%,11.4%,88.6%,"193,675",x,Trump
Utah,UT-1,R+27,Rob Bishop,R,73381,182928,21146,277455,8324,130693,-88401,26.4%,65.9%,7.6%,39.5%,"109,547",x,Trump
Utah,UT-2,R+18,Chris Stewart,R,93780,170542,12519,276841,8305,89281,-64243,33.9%,61.6%,4.5%,27.7%,"76,762",x,Trump
Utah,UT-3,R+28,Jason Chaffetz,R,75716,209589,0,285305,8559,133873,-133873,26.5%,73.5%,0.0%,46.9%,"133,873",x,Trump
Utah,UT-4,R+16,Mia Love,R,113413,147597,13559,274569,8237,47743,-20625,41.3%,53.8%,4.9%,12.5%,"34,184",x,Trump
Vermont,VT-AL,D+16,Peter Welch,D,264414,0,30920,295334,8860,-233494,295334,89.5%,0.0%,10.5%,-89.5%,"-264,414",x,Clinton
Virginia,VA-1,R+8,Rob Wittman,R,140785,230213,13603,384601,11538,103031,-75825,36.6%,59.9%,3.5%,23.3%,"89,428",x,Trump
Virginia,VA-2,R+4,Scott Taylor,R,119440,190475,653,310568,9317,71688,-70382,38.5%,61.3%,0.2%,22.9%,"71,035",x,Trump
Virginia,VA-3,D+15,Bobby Scott,D,208337,103289,714,312340,9370,-104334,105762,66.7%,33.1%,0.2%,-33.6%,"-105,048",x,Clinton
Virginia,VA-4,D+8,Don McEachin,D,200136,145731,789,346656,10400,-53616,55194,57.7%,42.0%,0.2%,-15.7%,"-54,405",x,Clinton
Virginia,VA-5,R+5,Tom Garrett,R,148339,207758,659,356756,10703,60078,-58760,41.6%,58.2%,0.2%,16.7%,"59,419",x,Trump
Virginia,VA-6,R+12,Bob Goodlatte,R,112170,225471,768,338409,10152,114069,-112533,33.1%,66.6%,0.2%,33.5%,"113,301",x,Trump
Virginia,VA-7,R+8,Dave Brat,R,160159,218057,947,379163,11375,58845,-56951,42.2%,57.5%,0.2%,15.3%,"57,898",x,Trump
Virginia,VA-8,D+16,Don Beyer,D,246653,98387,15636,360676,10820,-132630,163902,68.4%,27.3%,4.3%,-41.1%,"-148,266",x,Clinton
Virginia,VA-9,R+15,Morgan Griffith,R,87877,212838,9599,310314,9309,134560,-115362,28.3%,68.6%,3.1%,40.3%,"124,961",x,Trump
Virginia,VA-10,R+2,Barbara Comstock,R,187712,210791,1580,400083,12002,24659,-21499,46.9%,52.7%,0.4%,5.8%,"23,079",x,Clinton
Virginia,VA-11,D+10,Gerry Connolly,D,247818,0,34185,282003,8460,-213633,282003,87.9%,0.0%,12.1%,-87.9%,"-247,818",x,Clinton
Washington,WA-1,D+4,Suzan DelBene,D,193619,155779,0,349398,10482,-37840,37840,55.4%,44.6%,0.0%,-10.8%,"-37,840",x,Clinton
Washington,WA-2,D+8,Rick Larsen,D,208314,117094,0,325408,9762,-91220,91220,64.0%,36.0%,0.0%,-28.0%,"-91,220",x,Clinton
Washington,WA-3,R+2,Jaime Herrera Beutler,R,119820,193457,0,313277,9398,73637,-73637,38.2%,61.8%,0.0%,23.5%,"73,637",x,Trump
Washington,WA-4,R+13,Dan Newhouse,R,0,229919,0,229919,6898,229919,-229919,0.0%,100.0%,0.0%,100.0%,"229,919",x,Trump
Washington,WA-5,R+7,Cathy McMorris Rodgers,R,130575,192959,0,323534,9706,62384,-62384,40.4%,59.6%,0.0%,19.3%,"62,384",x,Trump
Washington,WA-6,D+5,Derek Kilmer,D,201718,126116,0,327834,9835,-75602,75602,61.5%,38.5%,0.0%,-23.1%,"-75,602",x,Clinton
Washington,WA-7,D+29,Pramila Jayapal,D,378754,0,0,378754,11363,-378754,378754,100.0%,0.0%,0.0%,-100.0%,"-378,754",x,Clinton
Washington,WA-8,R+1,Dave Reichert,R,127720,193145,0,320865,9626,65425,-65425,39.8%,60.2%,0.0%,20.4%,"65,425",x,Clinton
Washington,WA-9,D+17,Adam Smith,D,205165,76317,0,281482,8444,-128848,128848,72.9%,27.1%,0.0%,-45.8%,"-128,848",x,Clinton
Washington,WA-10,D+5,Denny Heck,D,170460,120104,0,290564,8717,-50356,50356,58.7%,41.3%,0.0%,-17.3%,"-50,356",x,Clinton
West Virginia,WV-1,R+14,David McKinley,R,73534,163469,0,237003,7110,89935,-89935,31.0%,69.0%,0.0%,37.9%,"89,935",x,Trump
West Virginia,WV-2,R+11,Alex Mooney,R,101207,140807,0,242014,7260,39600,-39600,41.8%,58.2%,0.0%,16.4%,"39,600",x,Trump
West Virginia,WV-3,R+14,Evan Jenkins,R,49708,140741,16883,207332,6220,107916,-74150,24.0%,67.9%,8.1%,43.9%,"91,033",x,Trump
Wisconsin,WI-1,R+3,Paul Ryan,R,107003,230072,17170,354245,10627,140239,-105899,30.2%,64.9%,4.8%,34.7%,"123,069",x,Trump
Wisconsin,WI-2,D+17,Mark Pocan,D,273537,124044,479,398060,11942,-149014,149972,68.7%,31.2%,0.1%,-37.6%,"-149,493",x,Clinton
Wisconsin,WI-3,D+5,Ron Kind,D,257401,0,2969,260370,7811,-254432,260370,98.9%,0.0%,1.1%,-98.9%,"-257,401",x,Trump
Wisconsin,WI-4,D+23,Gwen Moore,D,220181,0,66728,286909,8607,-153453,286909,76.7%,0.0%,23.3%,-76.7%,"-220,181",x,Clinton
Wisconsin,WI-5,R+13,Jim Sensenbrenner,R,114477,260706,15661,390844,11725,161890,-130568,29.3%,66.7%,4.0%,37.4%,"146,229",x,Trump
Wisconsin,WI-6,R+5,Glenn Grothman,R,133072,204147,19964,357183,10715,91039,-51111,37.3%,57.2%,5.6%,19.9%,"71,075",x,Trump
Wisconsin,WI-7,R+2,Sean Duffy,R,138643,223418,210,362271,10868,84985,-84565,38.3%,61.7%,0.1%,23.4%,"84,775",x,Trump
Wisconsin,WI-8,R+2,Mike Gallagher,R,"135,682","227,892",206,"363,780",10913,"92,416",-92004,37.3%,62.6%,0.1%,25.3%,"92,210",x,Trump
Wyoming,WY-AL,R+22,Liz Cheney,R,75466,156176,20134,251776,7553,100844,-60576,30.0%,62.0%,8.0%,32.1%,"80,710",x,Trump
